time,0
3/1/2024 0:00,0.0
3/1/2024 0:15,0.0
3/1/2024 0:30,0.0
3/1/2024 0:45,0.0
3/1/2024 1:00,0.0
3/1/2024 1:15,0.0
3/1/2024 1:30,0.0
3/1/2024 1:45,0.0
3/1/2024 2:00,0.0
3/1/2024 2:15,0.0
3/1/2024 2:30,0.0
3/1/2024 2:45,0.0
3/1/2024 3:00,0.0
3/1/2024 3:15,0.0
3/1/2024 3:30,0.0
3/1/2024 3:45,0.0
3/1/2024 4:00,0.0
3/1/2024 4:15,0.0
3/1/2024 4:30,0.0
3/1/2024 4:45,0.0
3/1/2024 5:00,0.0
3/1/2024 5:15,0.0
3/1/2024 5:30,0.0
3/1/2024 5:45,0.0
3/1/2024 6:00,0.0
3/1/2024 6:15,0.0
3/1/2024 6:30,0.0
3/1/2024 6:45,0.0
3/1/2024 7:00,0.0
3/1/2024 7:15,0.0
3/1/2024 7:30,0.0
3/1/2024 7:45,0.0
3/1/2024 8:00,0.0
3/1/2024 8:15,0.0
3/1/2024 8:30,0.0
3/1/2024 8:45,0.0
3/1/2024 9:00,0.0
3/1/2024 9:15,0.0
3/1/2024 9:30,0.0
3/1/2024 9:45,0.0
3/1/2024 10:00,0.0
3/1/2024 10:15,0.0
3/1/2024 10:30,0.0
3/1/2024 10:45,0.0
3/1/2024 11:00,0.0
3/1/2024 11:15,0.0
3/1/2024 11:30,0.0
3/1/2024 11:45,0.0
3/1/2024 12:00,0.0
3/1/2024 12:15,0.0
3/1/2024 12:30,0.0
3/1/2024 12:45,0.0
3/1/2024 13:00,0.0
3/1/2024 13:15,0.0
3/1/2024 13:30,0.0
3/1/2024 13:45,0.0
3/1/2024 14:00,0.0
3/1/2024 14:15,0.0
3/1/2024 14:30,0.0
3/1/2024 14:45,0.0
3/1/2024 15:00,0.0
3/1/2024 15:15,0.0
3/1/2024 15:30,0.0
3/1/2024 15:45,0.0
3/1/2024 16:00,0.0
3/1/2024 16:15,0.0
3/1/2024 16:30,0.0
3/1/2024 16:45,0.0
3/1/2024 17:00,0.0
3/1/2024 17:15,0.0
3/1/2024 17:30,0.0
3/1/2024 17:45,0.0
3/1/2024 18:00,0.0
3/1/2024 18:15,0.0
3/1/2024 18:30,0.0
3/1/2024 18:45,0.0
3/1/2024 19:00,0.0
3/1/2024 19:15,0.0
3/1/2024 19:30,0.0
3/1/2024 19:45,0.0
3/1/2024 20:00,0.0
3/1/2024 20:15,0.0
3/1/2024 20:30,0.0
3/1/2024 20:45,0.0
3/1/2024 21:00,0.0
3/1/2024 21:15,0.0
3/1/2024 21:30,0.0
3/1/2024 21:45,0.0
3/1/2024 22:00,0.0
3/1/2024 22:15,0.0
3/1/2024 22:30,0.0
3/1/2024 22:45,0.0
3/1/2024 23:00,0.0
3/1/2024 23:15,0.0
3/1/2024 23:30,0.0
3/1/2024 23:45,0.0
3/2/2024 0:00,447.0
3/2/2024 0:15,450.0
3/2/2024 0:30,452.0
3/2/2024 0:45,455.0
3/2/2024 1:00,458.0
3/2/2024 1:15,461.0
3/2/2024 1:30,464.0
3/2/2024 1:45,467.0
3/2/2024 2:00,470.0
3/2/2024 2:15,474.0
3/2/2024 2:30,478.0
3/2/2024 2:45,482.0
3/2/2024 3:00,486.0
3/2/2024 3:15,489.0
3/2/2024 3:30,493.0
3/2/2024 3:45,497.0
3/2/2024 4:00,501.0
3/2/2024 4:15,504.0
3/2/2024 4:30,508.0
3/2/2024 4:45,512.0
3/2/2024 5:00,515.0
3/2/2024 5:15,518.0
3/2/2024 5:30,521.0
3/2/2024 5:45,524.0
3/2/2024 6:00,527.0
3/2/2024 6:15,529.0
3/2/2024 6:30,532.0
3/2/2024 6:45,534.0
3/2/2024 7:00,537.0
3/2/2024 7:15,539.0
3/2/2024 7:30,541.0
3/2/2024 7:45,543.0
3/2/2024 8:00,545.0
3/2/2024 8:15,547.0
3/2/2024 8:30,549.0
3/2/2024 8:45,551.0
3/2/2024 9:00,553.0
3/2/2024 9:15,555.0
3/2/2024 9:30,558.0
3/2/2024 9:45,560.0
3/2/2024 10:00,562.0
3/2/2024 10:15,566.0
3/2/2024 10:30,570.0
3/2/2024 10:45,574.0
3/2/2024 11:00,578.0
3/2/2024 11:15,583.0
3/2/2024 11:30,588.0
3/2/2024 11:45,592.0
3/2/2024 12:00,597.0
3/2/2024 12:15,603.0
3/2/2024 12:30,609.0
3/2/2024 12:45,615.0
3/2/2024 13:00,620.0
3/2/2024 13:15,627.0
3/2/2024 13:30,634.0
3/2/2024 13:45,640.0
3/2/2024 14:00,647.0
3/2/2024 14:15,655.0
3/2/2024 14:30,662.0
3/2/2024 14:45,669.0
3/2/2024 15:00,677.0
3/2/2024 15:15,684.0
3/2/2024 15:30,691.0
3/2/2024 15:45,698.0
3/2/2024 16:00,704.0
3/2/2024 16:15,712.0
3/2/2024 16:30,719.0
3/2/2024 16:45,726.0
3/2/2024 17:00,734.0
3/2/2024 17:15,741.0
3/2/2024 17:30,748.0
3/2/2024 17:45,755.0
3/2/2024 18:00,762.0
3/2/2024 18:15,768.0
3/2/2024 18:30,775.0
3/2/2024 18:45,781.0
3/2/2024 19:00,787.0
3/2/2024 19:15,793.0
3/2/2024 19:30,798.0
3/2/2024 19:45,803.0
3/2/2024 20:00,809.0
3/2/2024 20:15,814.0
3/2/2024 20:30,820.0
3/2/2024 20:45,825.0
3/2/2024 21:00,830.0
3/2/2024 21:15,835.0
3/2/2024 21:30,839.0
3/2/2024 21:45,843.0
3/2/2024 22:00,847.0
3/2/2024 22:15,851.0
3/2/2024 22:30,855.0
3/2/2024 22:45,859.0
3/2/2024 23:00,863.0
3/2/2024 23:15,866.0
3/2/2024 23:30,869.0
3/2/2024 23:45,872.0
3/3/2024 0:00,876.0
3/3/2024 0:15,878.0
3/3/2024 0:30,881.0
3/3/2024 0:45,884.0
3/3/2024 1:00,887.0
3/3/2024 1:15,890.0
3/3/2024 1:30,892.0
3/3/2024 1:45,895.0
3/3/2024 2:00,898.0
3/3/2024 2:15,899.0
3/3/2024 2:30,901.0
3/3/2024 2:45,903.0
3/3/2024 3:00,905.0
3/3/2024 3:15,907.0
3/3/2024 3:30,908.0
3/3/2024 3:45,910.0
3/3/2024 4:00,912.0
3/3/2024 4:15,914.0
3/3/2024 4:30,917.0
3/3/2024 4:45,920.0
3/3/2024 5:00,923.0
3/3/2024 5:15,926.0
3/3/2024 5:30,930.0
3/3/2024 5:45,934.0
3/3/2024 6:00,938.0
3/3/2024 6:15,942.0
3/3/2024 6:30,947.0
3/3/2024 6:45,952.0
3/3/2024 7:00,957.0
3/3/2024 7:15,963.0
3/3/2024 7:30,968.0
3/3/2024 7:45,973.0
3/3/2024 8:00,979.0
3/3/2024 8:15,985.0
3/3/2024 8:30,991.0
3/3/2024 8:45,997.0
3/3/2024 9:00,1004.0
3/3/2024 9:15,1008.0
3/3/2024 9:30,1013.0
3/3/2024 9:45,1018.0
3/3/2024 10:00,1023.0
3/3/2024 10:15,1028.0
3/3/2024 10:30,1033.0
3/3/2024 10:45,1038.0
3/3/2024 11:00,1043.0
3/3/2024 11:15,1049.0
3/3/2024 11:30,1054.0
3/3/2024 11:45,1060.0
3/3/2024 12:00,1066.0
3/3/2024 12:15,1073.0
3/3/2024 12:30,1079.0
3/3/2024 12:45,1086.0
3/3/2024 13:00,1093.0
3/3/2024 13:15,1100.0
3/3/2024 13:30,1108.0
3/3/2024 13:45,1115.0
3/3/2024 14:00,1123.0
3/3/2024 14:15,1131.0
3/3/2024 14:30,1138.0
3/3/2024 14:45,1146.0
3/3/2024 15:00,1154.0
3/3/2024 15:15,1161.0
3/3/2024 15:30,1169.0
3/3/2024 15:45,1177.0
3/3/2024 16:00,1185.0
3/3/2024 16:15,1192.0
3/3/2024 16:30,1199.0
3/3/2024 16:45,1207.0
3/3/2024 17:00,1214.0
3/3/2024 17:15,1221.0
3/3/2024 17:30,1228.0
3/3/2024 17:45,1235.0
3/3/2024 18:00,1242.0
3/3/2024 18:15,1249.0
3/3/2024 18:30,1255.0
3/3/2024 18:45,1262.0
3/3/2024 19:00,1269.0
3/3/2024 19:15,1276.0
3/3/2024 19:30,1283.0
3/3/2024 19:45,1290.0
3/3/2024 20:00,1298.0
3/3/2024 20:15,1304.0
3/3/2024 20:30,1311.0
3/3/2024 20:45,1318.0
3/3/2024 21:00,1325.0
3/3/2024 21:15,1332.0
3/3/2024 21:30,1340.0
3/3/2024 21:45,1347.0
3/3/2024 22:00,1355.0
3/3/2024 22:15,1363.0
3/3/2024 22:30,1371.0
3/3/2024 22:45,1379.0
3/3/2024 23:00,1387.0
3/3/2024 23:15,1395.0
3/3/2024 23:30,1404.0
3/3/2024 23:45,1412.0
3/4/2024 0:00,1420.0
3/4/2024 0:15,1429.0
3/4/2024 0:30,1437.0
3/4/2024 0:45,1445.0
3/4/2024 1:00,1453.0
3/4/2024 1:15,1461.0
3/4/2024 1:30,1469.0
3/4/2024 1:45,1477.0
3/4/2024 2:00,1484.0
3/4/2024 2:15,1492.0
3/4/2024 2:30,1500.0
3/4/2024 2:45,1507.0
3/4/2024 3:00,1515.0
3/4/2024 3:15,1522.0
3/4/2024 3:30,1528.0
3/4/2024 3:45,1535.0
3/4/2024 4:00,1542.0
3/4/2024 4:15,1548.0
3/4/2024 4:30,1554.0
3/4/2024 4:45,1560.0
3/4/2024 5:00,1566.0
3/4/2024 5:15,1571.0
3/4/2024 5:30,1576.0
3/4/2024 5:45,1582.0
3/4/2024 6:00,1587.0
3/4/2024 6:15,1592.0
3/4/2024 6:30,1596.0
3/4/2024 6:45,1600.0
3/4/2024 7:00,1605.0
3/4/2024 7:15,1609.0
3/4/2024 7:30,1614.0
3/4/2024 7:45,1618.0
3/4/2024 8:00,1622.0
3/4/2024 8:15,1626.0
3/4/2024 8:30,1630.0
3/4/2024 8:45,1634.0
3/4/2024 9:00,1638.0
3/4/2024 9:15,1642.0
3/4/2024 9:30,1646.0
3/4/2024 9:45,1650.0
3/4/2024 10:00,1654.0
3/4/2024 10:15,1657.0
3/4/2024 10:30,1660.0
3/4/2024 10:45,1662.0
3/4/2024 11:00,1665.0
3/4/2024 11:15,1666.0
3/4/2024 11:30,1666.0
3/4/2024 11:45,1667.0
3/4/2024 12:00,1668.0
3/4/2024 12:15,1667.0
3/4/2024 12:30,1666.0
3/4/2024 12:45,1665.0
3/4/2024 13:00,1664.0
3/4/2024 13:15,1660.0
3/4/2024 13:30,1657.0
3/4/2024 13:45,1654.0
3/4/2024 14:00,1651.0
3/4/2024 14:15,1649.0
3/4/2024 14:30,1647.0
3/4/2024 14:45,1645.0
3/4/2024 15:00,1643.0
3/4/2024 15:15,1642.0
3/4/2024 15:30,1641.0
3/4/2024 15:45,1639.0
3/4/2024 16:00,1638.0
3/4/2024 16:15,1637.0
3/4/2024 16:30,1636.0
3/4/2024 16:45,1635.0
3/4/2024 17:00,1634.0
3/4/2024 17:15,1634.0
3/4/2024 17:30,1634.0
3/4/2024 17:45,1634.0
3/4/2024 18:00,1635.0
3/4/2024 18:15,1635.0
3/4/2024 18:30,1636.0
3/4/2024 18:45,1636.0
3/4/2024 19:00,1637.0
3/4/2024 19:15,1638.0
3/4/2024 19:30,1639.0
3/4/2024 19:45,1641.0
3/4/2024 20:00,1642.0
3/4/2024 20:15,1644.0
3/4/2024 20:30,1645.0
3/4/2024 20:45,1647.0
3/4/2024 21:00,1649.0
3/4/2024 21:15,1650.0
3/4/2024 21:30,1652.0
3/4/2024 21:45,1653.0
3/4/2024 22:00,1655.0
3/4/2024 22:15,1659.0
3/4/2024 22:30,1663.0
3/4/2024 22:45,1668.0
3/4/2024 23:00,1672.0
3/4/2024 23:15,1670.0
3/4/2024 23:30,1667.0
3/4/2024 23:45,1665.0
3/5/2024 0:00,1663.0
3/5/2024 0:15,1653.0
3/5/2024 0:30,1643.0
3/5/2024 0:45,1633.0
3/5/2024 1:00,1623.0
3/5/2024 1:15,1618.0
3/5/2024 1:30,1613.0
3/5/2024 1:45,1608.0
3/5/2024 2:00,1603.0
3/5/2024 2:15,1596.0
3/5/2024 2:30,1588.0
3/5/2024 2:45,1580.0
3/5/2024 3:00,1572.0
3/5/2024 3:15,1570.0
3/5/2024 3:30,1567.0
3/5/2024 3:45,1564.0
3/5/2024 4:00,1561.0
3/5/2024 4:15,1557.0
3/5/2024 4:30,1553.0
3/5/2024 4:45,1548.0
3/5/2024 5:00,1544.0
3/5/2024 5:15,1541.0
3/5/2024 5:30,1538.0
3/5/2024 5:45,1534.0
3/5/2024 6:00,1531.0
3/5/2024 6:15,1526.0
3/5/2024 6:30,1521.0
3/5/2024 6:45,1516.0
3/5/2024 7:00,1510.0
3/5/2024 7:15,1504.0
3/5/2024 7:30,1498.0
3/5/2024 7:45,1492.0
3/5/2024 8:00,1486.0
3/5/2024 8:15,1478.0
3/5/2024 8:30,1470.0
3/5/2024 8:45,1462.0
3/5/2024 9:00,1454.0
3/5/2024 9:15,1444.0
3/5/2024 9:30,1434.0
3/5/2024 9:45,1424.0
3/5/2024 10:00,1414.0
3/5/2024 10:15,1404.0
3/5/2024 10:30,1393.0
3/5/2024 10:45,1383.0
3/5/2024 11:00,1372.0
3/5/2024 11:15,1361.0
3/5/2024 11:30,1350.0
3/5/2024 11:45,1339.0
3/5/2024 12:00,1328.0
3/5/2024 12:15,1316.0
3/5/2024 12:30,1305.0
3/5/2024 12:45,1293.0
3/5/2024 13:00,1282.0
3/5/2024 13:15,1270.0
3/5/2024 13:30,1259.0
3/5/2024 13:45,1247.0
3/5/2024 14:00,1236.0
3/5/2024 14:15,1222.0
3/5/2024 14:30,1208.0
3/5/2024 14:45,1195.0
3/5/2024 15:00,1181.0
3/5/2024 15:15,1166.0
3/5/2024 15:30,1150.0
3/5/2024 15:45,1135.0
3/5/2024 16:00,1119.0
3/5/2024 16:15,1103.0
3/5/2024 16:30,1087.0
3/5/2024 16:45,1071.0
3/5/2024 17:00,1055.0
3/5/2024 17:15,1037.0
3/5/2024 17:30,1020.0
3/5/2024 17:45,1003.0
3/5/2024 18:00,986.0
3/5/2024 18:15,969.0
3/5/2024 18:30,952.0
3/5/2024 18:45,936.0
3/5/2024 19:00,919.0
3/5/2024 19:15,903.0
3/5/2024 19:30,886.0
3/5/2024 19:45,870.0
3/5/2024 20:00,853.0
3/5/2024 20:15,838.0
3/5/2024 20:30,822.0
3/5/2024 20:45,807.0
3/5/2024 21:00,791.0
3/5/2024 21:15,776.0
3/5/2024 21:30,762.0
3/5/2024 21:45,747.0
3/5/2024 22:00,733.0
3/5/2024 22:15,716.0
3/5/2024 22:30,699.0
3/5/2024 22:45,682.0
3/5/2024 23:00,665.0
3/5/2024 23:15,655.0
3/5/2024 23:30,645.0
3/5/2024 23:45,635.0
3/6/2024 0:00,625.0
3/6/2024 0:15,623.0
3/6/2024 0:30,621.0
3/6/2024 0:45,619.0
3/6/2024 1:00,617.0
3/6/2024 1:15,610.0
3/6/2024 1:30,604.0
3/6/2024 1:45,597.0
3/6/2024 2:00,591.0
3/6/2024 2:15,588.0
3/6/2024 2:30,586.0
3/6/2024 2:45,583.0
3/6/2024 3:00,581.0
3/6/2024 3:15,574.0
3/6/2024 3:30,568.0
3/6/2024 3:45,561.0
3/6/2024 4:00,555.0
3/6/2024 4:15,550.0
3/6/2024 4:30,546.0
3/6/2024 4:45,542.0
3/6/2024 5:00,537.0
3/6/2024 5:15,532.0
3/6/2024 5:30,527.0
3/6/2024 5:45,522.0
3/6/2024 6:00,517.0
3/6/2024 6:15,515.0
3/6/2024 6:30,512.0
3/6/2024 6:45,510.0
3/6/2024 7:00,507.0
3/6/2024 7:15,506.0
3/6/2024 7:30,504.0
3/6/2024 7:45,503.0
3/6/2024 8:00,501.0
3/6/2024 8:15,500.0
3/6/2024 8:30,500.0
3/6/2024 8:45,499.0
3/6/2024 9:00,498.0
3/6/2024 9:15,498.0
3/6/2024 9:30,497.0
3/6/2024 9:45,497.0
3/6/2024 10:00,496.0
3/6/2024 10:15,497.0
3/6/2024 10:30,498.0
3/6/2024 10:45,498.0
3/6/2024 11:00,499.0
3/6/2024 11:15,501.0
3/6/2024 11:30,502.0
3/6/2024 11:45,504.0
3/6/2024 12:00,506.0
3/6/2024 12:15,508.0
3/6/2024 12:30,510.0
3/6/2024 12:45,512.0
3/6/2024 13:00,514.0
3/6/2024 13:15,517.0
3/6/2024 13:30,519.0
3/6/2024 13:45,522.0
3/6/2024 14:00,524.0
3/6/2024 14:15,527.0
3/6/2024 14:30,530.0
3/6/2024 14:45,533.0
3/6/2024 15:00,536.0
3/6/2024 15:15,539.0
3/6/2024 15:30,541.0
3/6/2024 15:45,544.0
3/6/2024 16:00,546.0
3/6/2024 16:15,549.0
3/6/2024 16:30,552.0
3/6/2024 16:45,555.0
3/6/2024 17:00,558.0
3/6/2024 17:15,561.0
3/6/2024 17:30,563.0
3/6/2024 17:45,566.0
3/6/2024 18:00,568.0
3/6/2024 18:15,569.0
3/6/2024 18:30,570.0
3/6/2024 18:45,571.0
3/6/2024 19:00,572.0
3/6/2024 19:15,573.0
3/6/2024 19:30,573.0
3/6/2024 19:45,574.0
3/6/2024 20:00,574.0
3/6/2024 20:15,574.0
3/6/2024 20:30,573.0
3/6/2024 20:45,573.0
3/6/2024 21:00,573.0
3/6/2024 21:15,572.0
3/6/2024 21:30,572.0
3/6/2024 21:45,571.0
3/6/2024 22:00,571.0
3/6/2024 22:15,571.0
3/6/2024 22:30,571.0
3/6/2024 22:45,571.0
3/6/2024 23:00,572.0
3/6/2024 23:15,572.0
3/6/2024 23:30,571.0
3/6/2024 23:45,571.0
3/7/2024 0:00,571.0
3/7/2024 0:15,571.0
3/7/2024 0:30,572.0
3/7/2024 0:45,572.0
3/7/2024 1:00,572.0
3/7/2024 1:15,572.0
3/7/2024 1:30,572.0
3/7/2024 1:45,571.0
3/7/2024 2:00,571.0
3/7/2024 2:15,571.0
3/7/2024 2:30,570.0
3/7/2024 2:45,570.0
3/7/2024 3:00,569.0
3/7/2024 3:15,568.0
3/7/2024 3:30,568.0
3/7/2024 3:45,567.0
3/7/2024 4:00,566.0
3/7/2024 4:15,566.0
3/7/2024 4:30,565.0
3/7/2024 4:45,565.0
3/7/2024 5:00,564.0
3/7/2024 5:15,563.0
3/7/2024 5:30,562.0
3/7/2024 5:45,562.0
3/7/2024 6:00,561.0
3/7/2024 6:15,560.0
3/7/2024 6:30,560.0
3/7/2024 6:45,559.0
3/7/2024 7:00,559.0
3/7/2024 7:15,558.0
3/7/2024 7:30,557.0
3/7/2024 7:45,556.0
3/7/2024 8:00,556.0
3/7/2024 8:15,555.0
3/7/2024 8:30,554.0
3/7/2024 8:45,554.0
3/7/2024 9:00,553.0
3/7/2024 9:15,554.0
3/7/2024 9:30,554.0
3/7/2024 9:45,555.0
3/7/2024 10:00,555.0
3/7/2024 10:15,555.0
3/7/2024 10:30,554.0
3/7/2024 10:45,554.0
3/7/2024 11:00,554.0
3/7/2024 11:15,554.0
3/7/2024 11:30,554.0
3/7/2024 11:45,554.0
3/7/2024 12:00,554.0
3/7/2024 12:15,554.0
3/7/2024 12:30,555.0
3/7/2024 12:45,555.0
3/7/2024 13:00,556.0
3/7/2024 13:15,556.0
3/7/2024 13:30,557.0
3/7/2024 13:45,557.0
3/7/2024 14:00,558.0
3/7/2024 14:15,558.0
3/7/2024 14:30,558.0
3/7/2024 14:45,557.0
3/7/2024 15:00,557.0
3/7/2024 15:15,557.0
3/7/2024 15:30,557.0
3/7/2024 15:45,557.0
3/7/2024 16:00,557.0
3/7/2024 16:15,557.0
3/7/2024 16:30,557.0
3/7/2024 16:45,557.0
3/7/2024 17:00,558.0
3/7/2024 17:15,558.0
3/7/2024 17:30,558.0
3/7/2024 17:45,559.0
3/7/2024 18:00,559.0
3/7/2024 18:15,561.0
3/7/2024 18:30,562.0
3/7/2024 18:45,563.0
3/7/2024 19:00,565.0
3/7/2024 19:15,567.0
3/7/2024 19:30,568.0
3/7/2024 19:45,570.0
3/7/2024 20:00,572.0
3/7/2024 20:15,574.0
3/7/2024 20:30,577.0
3/7/2024 20:45,579.0
3/7/2024 21:00,581.0
3/7/2024 21:15,584.0
3/7/2024 21:30,586.0
3/7/2024 21:45,589.0
3/7/2024 22:00,591.0
3/7/2024 22:15,592.0
3/7/2024 22:30,593.0
3/7/2024 22:45,594.0
3/7/2024 23:00,596.0
3/7/2024 23:15,597.0
3/7/2024 23:30,599.0
3/7/2024 23:45,601.0
3/8/2024 0:00,602.0
3/8/2024 0:15,605.0
3/8/2024 0:30,607.0
3/8/2024 0:45,610.0
3/8/2024 1:00,612.0
3/8/2024 1:15,616.0
3/8/2024 1:30,619.0
3/8/2024 1:45,623.0
3/8/2024 2:00,626.0
3/8/2024 2:15,630.0
3/8/2024 2:30,634.0
3/8/2024 2:45,638.0
3/8/2024 3:00,642.0
3/8/2024 3:15,646.0
3/8/2024 3:30,649.0
3/8/2024 3:45,653.0
3/8/2024 4:00,656.0
3/8/2024 4:15,660.0
3/8/2024 4:30,664.0
3/8/2024 4:45,668.0
3/8/2024 5:00,672.0
3/8/2024 5:15,676.0
3/8/2024 5:30,679.0
3/8/2024 5:45,683.0
3/8/2024 6:00,686.0
3/8/2024 6:15,690.0
3/8/2024 6:30,693.0
3/8/2024 6:45,696.0
3/8/2024 7:00,699.0
3/8/2024 7:15,702.0
3/8/2024 7:30,705.0
3/8/2024 7:45,707.0
3/8/2024 8:00,710.0
3/8/2024 8:15,712.0
3/8/2024 8:30,714.0
3/8/2024 8:45,715.0
3/8/2024 9:00,717.0
3/8/2024 9:15,718.0
3/8/2024 9:30,719.0
3/8/2024 9:45,720.0
3/8/2024 10:00,721.0
3/8/2024 10:15,723.0
3/8/2024 10:30,724.0
3/8/2024 10:45,726.0
3/8/2024 11:00,728.0
3/8/2024 11:15,730.0
3/8/2024 11:30,733.0
3/8/2024 11:45,735.0
3/8/2024 12:00,738.0
3/8/2024 12:15,739.0
3/8/2024 12:30,741.0
3/8/2024 12:45,742.0
3/8/2024 13:00,743.0
3/8/2024 13:15,744.0
3/8/2024 13:30,745.0
3/8/2024 13:45,745.0
3/8/2024 14:00,746.0
3/8/2024 14:15,746.0
3/8/2024 14:30,746.0
3/8/2024 14:45,747.0
3/8/2024 15:00,747.0
3/8/2024 15:15,747.0
3/8/2024 15:30,747.0
3/8/2024 15:45,747.0
3/8/2024 16:00,747.0
3/8/2024 16:15,747.0
3/8/2024 16:30,746.0
3/8/2024 16:45,745.0
3/8/2024 17:00,744.0
3/8/2024 17:15,744.0
3/8/2024 17:30,745.0
3/8/2024 17:45,745.0
3/8/2024 18:00,745.0
3/8/2024 18:15,746.0
3/8/2024 18:30,747.0
3/8/2024 18:45,748.0
3/8/2024 19:00,749.0
3/8/2024 19:15,749.0
3/8/2024 19:30,749.0
3/8/2024 19:45,749.0
3/8/2024 20:00,749.0
3/8/2024 20:15,749.0
3/8/2024 20:30,749.0
3/8/2024 20:45,750.0
3/8/2024 21:00,750.0
3/8/2024 21:15,750.0
3/8/2024 21:30,750.0
3/8/2024 21:45,750.0
3/8/2024 22:00,749.0
3/8/2024 22:15,749.0
3/8/2024 22:30,748.0
3/8/2024 22:45,747.0
3/8/2024 23:00,747.0
3/8/2024 23:15,745.0
3/8/2024 23:30,743.0
3/8/2024 23:45,741.0
3/9/2024 0:00,740.0
3/9/2024 0:15,737.0
3/9/2024 0:30,734.0
3/9/2024 0:45,732.0
3/9/2024 1:00,729.0
3/9/2024 1:15,725.0
3/9/2024 1:30,722.0
3/9/2024 1:45,718.0
3/9/2024 2:00,715.0
3/9/2024 2:15,711.0
3/9/2024 2:30,707.0
3/9/2024 2:45,703.0
3/9/2024 3:00,699.0
3/9/2024 3:15,696.0
3/9/2024 3:30,692.0
3/9/2024 3:45,688.0
3/9/2024 4:00,685.0
3/9/2024 4:15,682.0
3/9/2024 4:30,678.0
3/9/2024 4:45,675.0
3/9/2024 5:00,672.0
3/9/2024 5:15,669.0
3/9/2024 5:30,666.0
3/9/2024 5:45,663.0
3/9/2024 6:00,660.0
3/9/2024 6:15,658.0
3/9/2024 6:30,656.0
3/9/2024 6:45,654.0
3/9/2024 7:00,652.0
3/9/2024 7:15,651.0
3/9/2024 7:30,649.0
3/9/2024 7:45,648.0
3/9/2024 8:00,646.0
3/9/2024 8:15,645.0
3/9/2024 8:30,643.0
3/9/2024 8:45,642.0
3/9/2024 9:00,640.0
3/9/2024 9:15,638.0
3/9/2024 9:30,636.0
3/9/2024 9:45,634.0
3/9/2024 10:00,632.0
3/9/2024 10:15,629.0
3/9/2024 10:30,626.0
3/9/2024 10:45,623.0
3/9/2024 11:00,620.0
3/9/2024 11:15,616.0
3/9/2024 11:30,611.0
3/9/2024 11:45,606.0
3/9/2024 12:00,601.0
3/9/2024 12:15,598.0
3/9/2024 12:30,594.0
3/9/2024 12:45,591.0
3/9/2024 13:00,588.0
3/9/2024 13:15,585.0
3/9/2024 13:30,582.0
3/9/2024 13:45,580.0
3/9/2024 14:00,577.0
3/9/2024 14:15,575.0
3/9/2024 14:30,573.0
3/9/2024 14:45,572.0
3/9/2024 15:00,570.0
3/9/2024 15:15,569.0
3/9/2024 15:30,568.0
3/9/2024 15:45,567.0
3/9/2024 16:00,566.0
3/9/2024 16:15,565.0
3/9/2024 16:30,563.0
3/9/2024 16:45,562.0
3/9/2024 17:00,560.0
3/9/2024 17:15,558.0
3/9/2024 17:30,556.0
3/9/2024 17:45,554.0
3/9/2024 18:00,552.0
3/9/2024 18:15,548.0
3/9/2024 18:30,545.0
3/9/2024 18:45,542.0
3/9/2024 19:00,539.0
3/9/2024 19:15,535.0
3/9/2024 19:30,532.0
3/9/2024 19:45,528.0
3/9/2024 20:00,525.0
3/9/2024 20:15,520.0
3/9/2024 20:30,516.0
3/9/2024 20:45,511.0
3/9/2024 21:00,506.0
3/9/2024 21:15,501.0
3/9/2024 21:30,497.0
3/9/2024 21:45,492.0
3/9/2024 22:00,487.0
3/9/2024 22:15,483.0
3/9/2024 22:30,479.0
3/9/2024 22:45,475.0
3/9/2024 23:00,471.0
3/9/2024 23:15,468.0
3/9/2024 23:30,464.0
3/9/2024 23:45,460.0
3/10/2024 0:00,456.0
3/10/2024 0:15,453.0
3/10/2024 0:30,450.0
3/10/2024 0:45,447.0
3/10/2024 1:00,444.0
3/10/2024 1:15,440.0
3/10/2024 1:30,436.0
3/10/2024 1:45,433.0
3/10/2024 2:00,429.0
3/10/2024 2:15,426.0
3/10/2024 2:30,423.0
3/10/2024 2:45,420.0
3/10/2024 3:00,416.0
3/10/2024 3:15,413.0
3/10/2024 3:30,410.0
3/10/2024 3:45,407.0
3/10/2024 4:00,404.0
3/10/2024 4:15,400.0
3/10/2024 4:30,396.0
3/10/2024 4:45,392.0
3/10/2024 5:00,388.0
3/10/2024 5:15,384.0
3/10/2024 5:30,381.0
3/10/2024 5:45,377.0
3/10/2024 6:00,373.0
3/10/2024 6:15,368.0
3/10/2024 6:30,364.0
3/10/2024 6:45,359.0
3/10/2024 7:00,355.0
3/10/2024 7:15,350.0
3/10/2024 7:30,346.0
3/10/2024 7:45,342.0
3/10/2024 8:00,338.0
3/10/2024 8:15,333.0
3/10/2024 8:30,328.0
3/10/2024 8:45,323.0
3/10/2024 9:00,318.0
3/10/2024 9:15,315.0
3/10/2024 9:30,311.0
3/10/2024 9:45,307.0
3/10/2024 10:00,304.0
3/10/2024 10:15,301.0
3/10/2024 10:30,298.0
3/10/2024 10:45,295.0
3/10/2024 11:00,292.0
3/10/2024 11:15,290.0
3/10/2024 11:30,289.0
3/10/2024 11:45,287.0
3/10/2024 12:00,285.0
3/10/2024 12:15,284.0
3/10/2024 12:30,283.0
3/10/2024 12:45,282.0
3/10/2024 13:00,282.0
3/10/2024 13:15,281.0
3/10/2024 13:30,281.0
3/10/2024 13:45,280.0
3/10/2024 14:00,280.0
3/10/2024 14:15,281.0
3/10/2024 14:30,281.0
3/10/2024 14:45,282.0
3/10/2024 15:00,282.0
3/10/2024 15:15,283.0
3/10/2024 15:30,284.0
3/10/2024 15:45,284.0
3/10/2024 16:00,285.0
3/10/2024 16:15,287.0
3/10/2024 16:30,289.0
3/10/2024 16:45,291.0
3/10/2024 17:00,294.0
3/10/2024 17:15,296.0
3/10/2024 17:30,298.0
3/10/2024 17:45,301.0
3/10/2024 18:00,303.0
3/10/2024 18:15,305.0
3/10/2024 18:30,307.0
3/10/2024 18:45,310.0
3/10/2024 19:00,312.0
3/10/2024 19:15,314.0
3/10/2024 19:30,316.0
3/10/2024 19:45,318.0
3/10/2024 20:00,320.0
3/10/2024 20:15,321.0
3/10/2024 20:30,323.0
3/10/2024 20:45,324.0
3/10/2024 21:00,326.0
3/10/2024 21:15,327.0
3/10/2024 21:30,328.0
3/10/2024 21:45,329.0
3/10/2024 22:00,331.0
3/10/2024 22:15,331.0
3/10/2024 22:30,332.0
3/10/2024 22:45,332.0
3/10/2024 23:00,332.0
3/10/2024 23:15,333.0
3/10/2024 23:30,334.0
3/10/2024 23:45,335.0
3/11/2024 0:00,336.0
3/11/2024 0:15,336.0
3/11/2024 0:30,336.0
3/11/2024 0:45,336.0
3/11/2024 1:00,337.0
3/11/2024 1:15,337.0
3/11/2024 1:30,337.0
3/11/2024 1:45,338.0
3/11/2024 2:00,338.0
3/11/2024 2:15,338.0
3/11/2024 2:30,339.0
3/11/2024 2:45,339.0
3/11/2024 3:00,339.0
3/11/2024 3:15,340.0
3/11/2024 3:30,340.0
3/11/2024 3:45,340.0
3/11/2024 4:00,341.0
3/11/2024 4:15,341.0
3/11/2024 4:30,342.0
3/11/2024 4:45,342.0
3/11/2024 5:00,343.0
3/11/2024 5:15,343.0
3/11/2024 5:30,343.0
3/11/2024 5:45,343.0
3/11/2024 6:00,344.0
3/11/2024 6:15,344.0
3/11/2024 6:30,345.0
3/11/2024 6:45,346.0
3/11/2024 7:00,347.0
3/11/2024 7:15,348.0
3/11/2024 7:30,348.0
3/11/2024 7:45,349.0
3/11/2024 8:00,350.0
3/11/2024 8:15,352.0
3/11/2024 8:30,354.0
3/11/2024 8:45,356.0
3/11/2024 9:00,358.0
3/11/2024 9:15,362.0
3/11/2024 9:30,367.0
3/11/2024 9:45,371.0
3/11/2024 10:00,376.0
3/11/2024 10:15,381.0
3/11/2024 10:30,387.0
3/11/2024 10:45,392.0
3/11/2024 11:00,398.0
3/11/2024 11:15,405.0
3/11/2024 11:30,411.0
3/11/2024 11:45,418.0
3/11/2024 12:00,424.0
3/11/2024 12:15,432.0
3/11/2024 12:30,439.0
3/11/2024 12:45,446.0
3/11/2024 13:00,454.0
3/11/2024 13:15,462.0
3/11/2024 13:30,471.0
3/11/2024 13:45,479.0
3/11/2024 14:00,488.0
3/11/2024 14:15,497.0
3/11/2024 14:30,507.0
3/11/2024 14:45,516.0
3/11/2024 15:00,526.0
3/11/2024 15:15,536.0
3/11/2024 15:30,547.0
3/11/2024 15:45,558.0
3/11/2024 16:00,569.0
3/11/2024 16:15,580.0
3/11/2024 16:30,592.0
3/11/2024 16:45,603.0
3/11/2024 17:00,614.0
3/11/2024 17:15,626.0
3/11/2024 17:30,637.0
3/11/2024 17:45,649.0
3/11/2024 18:00,660.0
3/11/2024 18:15,673.0
3/11/2024 18:30,686.0
3/11/2024 18:45,698.0
3/11/2024 19:00,711.0
3/11/2024 19:15,724.0
3/11/2024 19:30,737.0
3/11/2024 19:45,750.0
3/11/2024 20:00,763.0
3/11/2024 20:15,776.0
3/11/2024 20:30,789.0
3/11/2024 20:45,802.0
3/11/2024 21:00,815.0
3/11/2024 21:15,828.0
3/11/2024 21:30,841.0
3/11/2024 21:45,854.0
3/11/2024 22:00,868.0
3/11/2024 22:15,881.0
3/11/2024 22:30,894.0
3/11/2024 22:45,907.0
3/11/2024 23:00,920.0
3/11/2024 23:15,932.0
3/11/2024 23:30,944.0
3/11/2024 23:45,956.0
3/12/2024 0:00,968.0
3/12/2024 0:15,979.0
3/12/2024 0:30,990.0
3/12/2024 0:45,1001.0
3/12/2024 1:00,1013.0
3/12/2024 1:15,1024.0
3/12/2024 1:30,1035.0
3/12/2024 1:45,1046.0
3/12/2024 2:00,1057.0
3/12/2024 2:15,1068.0
3/12/2024 2:30,1078.0
3/12/2024 2:45,1089.0
3/12/2024 3:00,1100.0
3/12/2024 3:15,1110.0
3/12/2024 3:30,1120.0
3/12/2024 3:45,1130.0
3/12/2024 4:00,1140.0
3/12/2024 4:15,1151.0
3/12/2024 4:30,1162.0
3/12/2024 4:45,1172.0
3/12/2024 5:00,1183.0
3/12/2024 5:15,1193.0
3/12/2024 5:30,1203.0
3/12/2024 5:45,1213.0
3/12/2024 6:00,1224.0
3/12/2024 6:15,1233.0
3/12/2024 6:30,1242.0
3/12/2024 6:45,1252.0
3/12/2024 7:00,1261.0
3/12/2024 7:15,1269.0
3/12/2024 7:30,1277.0
3/12/2024 7:45,1285.0
3/12/2024 8:00,1293.0
3/12/2024 8:15,1300.0
3/12/2024 8:30,1307.0
3/12/2024 8:45,1314.0
3/12/2024 9:00,1322.0
3/12/2024 9:15,1327.0
3/12/2024 9:30,1333.0
3/12/2024 9:45,1339.0
3/12/2024 10:00,1344.0
3/12/2024 10:15,1349.0
3/12/2024 10:30,1354.0
3/12/2024 10:45,1358.0
3/12/2024 11:00,1363.0
3/12/2024 11:15,1368.0
3/12/2024 11:30,1372.0
3/12/2024 11:45,1377.0
3/12/2024 12:00,1381.0
3/12/2024 12:15,1385.0
3/12/2024 12:30,1389.0
3/12/2024 12:45,1393.0
3/12/2024 13:00,1397.0
3/12/2024 13:15,1400.0
3/12/2024 13:30,1403.0
3/12/2024 13:45,1407.0
3/12/2024 14:00,1410.0
3/12/2024 14:15,1414.0
3/12/2024 14:30,1417.0
3/12/2024 14:45,1420.0
3/12/2024 15:00,1424.0
3/12/2024 15:15,1427.0
3/12/2024 15:30,1429.0
3/12/2024 15:45,1432.0
3/12/2024 16:00,1434.0
3/12/2024 16:15,1436.0
3/12/2024 16:30,1438.0
3/12/2024 16:45,1440.0
3/12/2024 17:00,1442.0
3/12/2024 17:15,1444.0
3/12/2024 17:30,1446.0
3/12/2024 17:45,1448.0
3/12/2024 18:00,1449.0
3/12/2024 18:15,1451.0
3/12/2024 18:30,1453.0
3/12/2024 18:45,1455.0
3/12/2024 19:00,1456.0
3/12/2024 19:15,1458.0
3/12/2024 19:30,1460.0
3/12/2024 19:45,1462.0
3/12/2024 20:00,1463.0
3/12/2024 20:15,1465.0
3/12/2024 20:30,1466.0
3/12/2024 20:45,1468.0
3/12/2024 21:00,1470.0
3/12/2024 21:15,1471.0
3/12/2024 21:30,1472.0
3/12/2024 21:45,1473.0
3/12/2024 22:00,1474.0
3/12/2024 22:15,1476.0
3/12/2024 22:30,1477.0
3/12/2024 22:45,1479.0
3/12/2024 23:00,1480.0
3/12/2024 23:15,1483.0
3/12/2024 23:30,1485.0
3/12/2024 23:45,1487.0
3/13/2024 0:00,1490.0
3/13/2024 0:15,1492.0
3/13/2024 0:30,1494.0
3/13/2024 0:45,1496.0
3/13/2024 1:00,1499.0
3/13/2024 1:15,1501.0
3/13/2024 1:30,1503.0
3/13/2024 1:45,1505.0
3/13/2024 2:00,1507.0
3/13/2024 2:15,1508.0
3/13/2024 2:30,1509.0
3/13/2024 2:45,1510.0
3/13/2024 3:00,1512.0
3/13/2024 3:15,1513.0
3/13/2024 3:30,1514.0
3/13/2024 3:45,1515.0
3/13/2024 4:00,1516.0
3/13/2024 4:15,1516.0
3/13/2024 4:30,1516.0
3/13/2024 4:45,1516.0
3/13/2024 5:00,1516.0
3/13/2024 5:15,1516.0
3/13/2024 5:30,1516.0
3/13/2024 5:45,1516.0
3/13/2024 6:00,1516.0
3/13/2024 6:15,1516.0
3/13/2024 6:30,1516.0
3/13/2024 6:45,1516.0
3/13/2024 7:00,1516.0
3/13/2024 7:15,1516.0
3/13/2024 7:30,1516.0
3/13/2024 7:45,1516.0
3/13/2024 8:00,1516.0
3/13/2024 8:15,1517.0
3/13/2024 8:30,1518.0
3/13/2024 8:45,1518.0
3/13/2024 9:00,1519.0
3/13/2024 9:15,1521.0
3/13/2024 9:30,1522.0
3/13/2024 9:45,1523.0
3/13/2024 10:00,1525.0
3/13/2024 10:15,1527.0
3/13/2024 10:30,1529.0
3/13/2024 10:45,1530.0
3/13/2024 11:00,1532.0
3/13/2024 11:15,1534.0
3/13/2024 11:30,1535.0
3/13/2024 11:45,1536.0
3/13/2024 12:00,1537.0
3/13/2024 12:15,1538.0
3/13/2024 12:30,1539.0
3/13/2024 12:45,1540.0
3/13/2024 13:00,1542.0
3/13/2024 13:15,1541.0
3/13/2024 13:30,1541.0
3/13/2024 13:45,1541.0
3/13/2024 14:00,1541.0
3/13/2024 14:15,1539.0
3/13/2024 14:30,1538.0
3/13/2024 14:45,1537.0
3/13/2024 15:00,1536.0
3/13/2024 15:15,1534.0
3/13/2024 15:30,1532.0
3/13/2024 15:45,1530.0
3/13/2024 16:00,1528.0
3/13/2024 16:15,1523.0
3/13/2024 16:30,1518.0
3/13/2024 16:45,1514.0
3/13/2024 17:00,1509.0
3/13/2024 17:15,1503.0
3/13/2024 17:30,1497.0
3/13/2024 17:45,1490.0
3/13/2024 18:00,1484.0
3/13/2024 18:15,1478.0
3/13/2024 18:30,1471.0
3/13/2024 18:45,1464.0
3/13/2024 19:00,1458.0
3/13/2024 19:15,1451.0
3/13/2024 19:30,1445.0
3/13/2024 19:45,1438.0
3/13/2024 20:00,1431.0
3/13/2024 20:15,1425.0
3/13/2024 20:30,1418.0
3/13/2024 20:45,1411.0
3/13/2024 21:00,1405.0
3/13/2024 21:15,1398.0
3/13/2024 21:30,1392.0
3/13/2024 21:45,1386.0
3/13/2024 22:00,1380.0
3/13/2024 22:15,1374.0
3/13/2024 22:30,1368.0
3/13/2024 22:45,1362.0
3/13/2024 23:00,1356.0
3/13/2024 23:15,1351.0
3/13/2024 23:30,1345.0
3/13/2024 23:45,1339.0
3/14/2024 0:00,1334.0
3/14/2024 0:15,1328.0
3/14/2024 0:30,1322.0
3/14/2024 0:45,1317.0
3/14/2024 1:00,1311.0
3/14/2024 1:15,1307.0
3/14/2024 1:30,1304.0
3/14/2024 1:45,1300.0
3/14/2024 2:00,1296.0
3/14/2024 2:15,1294.0
3/14/2024 2:30,1291.0
3/14/2024 2:45,1289.0
3/14/2024 3:00,1287.0
3/14/2024 3:15,1287.0
3/14/2024 3:30,1286.0
3/14/2024 3:45,1286.0
3/14/2024 4:00,1286.0
3/14/2024 4:15,1285.0
3/14/2024 4:30,1285.0
3/14/2024 4:45,1284.0
3/14/2024 5:00,1284.0
3/14/2024 5:15,1282.0
3/14/2024 5:30,1281.0
3/14/2024 5:45,1280.0
3/14/2024 6:00,1278.0
3/14/2024 6:15,1278.0
3/14/2024 6:30,1277.0
3/14/2024 6:45,1277.0
3/14/2024 7:00,1276.0
3/14/2024 7:15,1280.0
3/14/2024 7:30,1284.0
3/14/2024 7:45,1287.0
3/14/2024 8:00,1291.0
3/14/2024 8:15,1294.0
3/14/2024 8:30,1297.0
3/14/2024 8:45,1300.0
3/14/2024 9:00,1303.0
3/14/2024 9:15,1304.0
3/14/2024 9:30,1305.0
3/14/2024 9:45,1306.0
3/14/2024 10:00,1307.0
3/14/2024 10:15,1305.0
3/14/2024 10:30,1304.0
3/14/2024 10:45,1302.0
3/14/2024 11:00,1300.0
3/14/2024 11:15,1297.0
3/14/2024 11:30,1294.0
3/14/2024 11:45,1291.0
3/14/2024 12:00,1288.0
3/14/2024 12:15,1285.0
3/14/2024 12:30,1281.0
3/14/2024 12:45,1278.0
3/14/2024 13:00,1275.0
3/14/2024 13:15,1273.0
3/14/2024 13:30,1271.0
3/14/2024 13:45,1268.0
3/14/2024 14:00,1266.0
3/14/2024 14:15,1264.0
3/14/2024 14:30,1261.0
3/14/2024 14:45,1259.0
3/14/2024 15:00,1256.0
3/14/2024 15:15,1252.0
3/14/2024 15:30,1248.0
3/14/2024 15:45,1244.0
3/14/2024 16:00,1239.0
3/14/2024 16:15,1231.0
3/14/2024 16:30,1222.0
3/14/2024 16:45,1214.0
3/14/2024 17:00,1205.0
3/14/2024 17:15,1198.0
3/14/2024 17:30,1190.0
3/14/2024 17:45,1183.0
3/14/2024 18:00,1175.0
3/14/2024 18:15,1168.0
3/14/2024 18:30,1161.0
3/14/2024 18:45,1154.0
3/14/2024 19:00,1148.0
3/14/2024 19:15,1142.0
3/14/2024 19:30,1136.0
3/14/2024 19:45,1130.0
3/14/2024 20:00,1124.0
3/14/2024 20:15,1120.0
3/14/2024 20:30,1115.0
3/14/2024 20:45,1111.0
3/14/2024 21:00,1107.0
3/14/2024 21:15,1102.0
3/14/2024 21:30,1098.0
3/14/2024 21:45,1093.0
3/14/2024 22:00,1088.0
3/14/2024 22:15,1084.0
3/14/2024 22:30,1079.0
3/14/2024 22:45,1074.0
3/14/2024 23:00,1069.0
3/14/2024 23:15,1064.0
3/14/2024 23:30,1059.0
3/14/2024 23:45,1054.0
3/15/2024 0:00,1049.0
3/15/2024 0:15,1045.0
3/15/2024 0:30,1041.0
3/15/2024 0:45,1036.0
3/15/2024 1:00,1032.0
3/15/2024 1:15,1026.0
3/15/2024 1:30,1021.0
3/15/2024 1:45,1016.0
3/15/2024 2:00,1010.0
3/15/2024 2:15,1004.0
3/15/2024 2:30,998.0
3/15/2024 2:45,992.0
3/15/2024 3:00,985.0
3/15/2024 3:15,977.0
3/15/2024 3:30,969.0
3/15/2024 3:45,961.0
3/15/2024 4:00,953.0
3/15/2024 4:15,947.0
3/15/2024 4:30,940.0
3/15/2024 4:45,933.0
3/15/2024 5:00,926.0
3/15/2024 5:15,921.0
3/15/2024 5:30,915.0
3/15/2024 5:45,910.0
3/15/2024 6:00,904.0
3/15/2024 6:15,899.0
3/15/2024 6:30,893.0
3/15/2024 6:45,887.0
3/15/2024 7:00,881.0
3/15/2024 7:15,871.0
3/15/2024 7:30,862.0
3/15/2024 7:45,852.0
3/15/2024 8:00,842.0
3/15/2024 8:15,832.0
3/15/2024 8:30,823.0
3/15/2024 8:45,813.0
3/15/2024 9:00,804.0
3/15/2024 9:15,794.0
3/15/2024 9:30,784.0
3/15/2024 9:45,775.0
3/15/2024 10:00,765.0
3/15/2024 10:15,756.0
3/15/2024 10:30,747.0
3/15/2024 10:45,739.0
3/15/2024 11:00,730.0
3/15/2024 11:15,722.0
3/15/2024 11:30,715.0
3/15/2024 11:45,708.0
3/15/2024 12:00,700.0
3/15/2024 12:15,693.0
3/15/2024 12:30,685.0
3/15/2024 12:45,678.0
3/15/2024 13:00,670.0
3/15/2024 13:15,663.0
3/15/2024 13:30,655.0
3/15/2024 13:45,648.0
3/15/2024 14:00,640.0
3/15/2024 14:15,633.0
3/15/2024 14:30,626.0
3/15/2024 14:45,619.0
3/15/2024 15:00,612.0
3/15/2024 15:15,607.0
3/15/2024 15:30,603.0
3/15/2024 15:45,598.0
3/15/2024 16:00,593.0
3/15/2024 16:15,593.0
3/15/2024 16:30,594.0
3/15/2024 16:45,594.0
3/15/2024 17:00,594.0
3/15/2024 17:15,594.0
3/15/2024 17:30,595.0
3/15/2024 17:45,596.0
3/15/2024 18:00,597.0
3/15/2024 18:15,597.0
3/15/2024 18:30,596.0
3/15/2024 18:45,596.0
3/15/2024 19:00,596.0
3/15/2024 19:15,596.0
3/15/2024 19:30,595.0
3/15/2024 19:45,595.0
3/15/2024 20:00,594.0
3/15/2024 20:15,593.0
3/15/2024 20:30,591.0
3/15/2024 20:45,589.0
3/15/2024 21:00,587.0
3/15/2024 21:15,586.0
3/15/2024 21:30,584.0
3/15/2024 21:45,583.0
3/15/2024 22:00,582.0
3/15/2024 22:15,580.0
3/15/2024 22:30,578.0
3/15/2024 22:45,577.0
3/15/2024 23:00,575.0
3/15/2024 23:15,574.0
3/15/2024 23:30,574.0
3/15/2024 23:45,573.0
3/16/2024 0:00,572.0
3/16/2024 0:15,572.0
3/16/2024 0:30,572.0
3/16/2024 0:45,571.0
3/16/2024 1:00,571.0
3/16/2024 1:15,571.0
3/16/2024 1:30,571.0
3/16/2024 1:45,571.0
3/16/2024 2:00,572.0
3/16/2024 2:15,572.0
3/16/2024 2:30,573.0
3/16/2024 2:45,574.0
3/16/2024 3:00,574.0
3/16/2024 3:15,575.0
3/16/2024 3:30,576.0
3/16/2024 3:45,577.0
3/16/2024 4:00,578.0
3/16/2024 4:15,579.0
3/16/2024 4:30,579.0
3/16/2024 4:45,580.0
3/16/2024 5:00,580.0
3/16/2024 5:15,581.0
3/16/2024 5:30,582.0
3/16/2024 5:45,583.0
3/16/2024 6:00,584.0
3/16/2024 6:15,585.0
3/16/2024 6:30,586.0
3/16/2024 6:45,587.0
3/16/2024 7:00,588.0
3/16/2024 7:15,590.0
3/16/2024 7:30,592.0
3/16/2024 7:45,594.0
3/16/2024 8:00,596.0
3/16/2024 8:15,599.0
3/16/2024 8:30,602.0
3/16/2024 8:45,605.0
3/16/2024 9:00,608.0
3/16/2024 9:15,613.0
3/16/2024 9:30,617.0
3/16/2024 9:45,622.0
3/16/2024 10:00,627.0
3/16/2024 10:15,634.0
3/16/2024 10:30,641.0
3/16/2024 10:45,648.0
3/16/2024 11:00,656.0
3/16/2024 11:15,662.0
3/16/2024 11:30,669.0
3/16/2024 11:45,675.0
3/16/2024 12:00,682.0
3/16/2024 12:15,687.0
3/16/2024 12:30,692.0
3/16/2024 12:45,698.0
3/16/2024 13:00,703.0
3/16/2024 13:15,708.0
3/16/2024 13:30,713.0
3/16/2024 13:45,718.0
3/16/2024 14:00,724.0
3/16/2024 14:15,727.0
3/16/2024 14:30,731.0
3/16/2024 14:45,735.0
3/16/2024 15:00,738.0
3/16/2024 15:15,742.0
3/16/2024 15:30,747.0
3/16/2024 15:45,751.0
3/16/2024 16:00,755.0
3/16/2024 16:15,760.0
3/16/2024 16:30,765.0
3/16/2024 16:45,770.0
3/16/2024 17:00,775.0
3/16/2024 17:15,779.0
3/16/2024 17:30,783.0
3/16/2024 17:45,787.0
3/16/2024 18:00,791.0
3/16/2024 18:15,794.0
3/16/2024 18:30,796.0
3/16/2024 18:45,799.0
3/16/2024 19:00,802.0
3/16/2024 19:15,804.0
3/16/2024 19:30,806.0
3/16/2024 19:45,809.0
3/16/2024 20:00,811.0
3/16/2024 20:15,814.0
3/16/2024 20:30,816.0
3/16/2024 20:45,818.0
3/16/2024 21:00,821.0
3/16/2024 21:15,823.0
3/16/2024 21:30,825.0
3/16/2024 21:45,827.0
3/16/2024 22:00,830.0
3/16/2024 22:15,832.0
3/16/2024 22:30,834.0
3/16/2024 22:45,836.0
3/16/2024 23:00,838.0
3/16/2024 23:15,840.0
3/16/2024 23:30,841.0
3/16/2024 23:45,843.0
3/17/2024 0:00,844.0
3/17/2024 0:15,846.0
3/17/2024 0:30,847.0
3/17/2024 0:45,848.0
3/17/2024 1:00,849.0
3/17/2024 1:15,850.0
3/17/2024 1:30,850.0
3/17/2024 1:45,851.0
3/17/2024 2:00,852.0
3/17/2024 2:15,851.0
3/17/2024 2:30,850.0
3/17/2024 2:45,850.0
3/17/2024 3:00,849.0
3/17/2024 3:15,847.0
3/17/2024 3:30,846.0
3/17/2024 3:45,845.0
3/17/2024 4:00,843.0
3/17/2024 4:15,842.0
3/17/2024 4:30,841.0
3/17/2024 4:45,839.0
3/17/2024 5:00,838.0
3/17/2024 5:15,836.0
3/17/2024 5:30,833.0
3/17/2024 5:45,831.0
3/17/2024 6:00,828.0
3/17/2024 6:15,825.0
3/17/2024 6:30,822.0
3/17/2024 6:45,819.0
3/17/2024 7:00,816.0
3/17/2024 7:15,812.0
3/17/2024 7:30,808.0
3/17/2024 7:45,804.0
3/17/2024 8:00,800.0
3/17/2024 8:15,795.0
3/17/2024 8:30,790.0
3/17/2024 8:45,786.0
3/17/2024 9:00,781.0
3/17/2024 9:15,775.0
3/17/2024 9:30,770.0
3/17/2024 9:45,764.0
3/17/2024 10:00,759.0
3/17/2024 10:15,751.0
3/17/2024 10:30,743.0
3/17/2024 10:45,735.0
3/17/2024 11:00,727.0
3/17/2024 11:15,718.0
3/17/2024 11:30,709.0
3/17/2024 11:45,700.0
3/17/2024 12:00,692.0
3/17/2024 12:15,682.0
3/17/2024 12:30,672.0
3/17/2024 12:45,662.0
3/17/2024 13:00,652.0
3/17/2024 13:15,642.0
3/17/2024 13:30,632.0
3/17/2024 13:45,622.0
3/17/2024 14:00,612.0
3/17/2024 14:15,601.0
3/17/2024 14:30,591.0
3/17/2024 14:45,580.0
3/17/2024 15:00,570.0
3/17/2024 15:15,559.0
3/17/2024 15:30,548.0
3/17/2024 15:45,536.0
3/17/2024 16:00,525.0
3/17/2024 16:15,515.0
3/17/2024 16:30,504.0
3/17/2024 16:45,493.0
3/17/2024 17:00,483.0
3/17/2024 17:15,473.0
3/17/2024 17:30,463.0
3/17/2024 17:45,453.0
3/17/2024 18:00,444.0
3/17/2024 18:15,436.0
3/17/2024 18:30,428.0
3/17/2024 18:45,420.0
3/17/2024 19:00,412.0
3/17/2024 19:15,404.0
3/17/2024 19:30,396.0
3/17/2024 19:45,388.0
3/17/2024 20:00,380.0
3/17/2024 20:15,372.0
3/17/2024 20:30,365.0
3/17/2024 20:45,358.0
3/17/2024 21:00,350.0
3/17/2024 21:15,343.0
3/17/2024 21:30,336.0
3/17/2024 21:45,330.0
3/17/2024 22:00,323.0
3/17/2024 22:15,316.0
3/17/2024 22:30,309.0
3/17/2024 22:45,303.0
3/17/2024 23:00,296.0
3/17/2024 23:15,289.0
3/17/2024 23:30,283.0
3/17/2024 23:45,276.0
3/18/2024 0:00,269.0
3/18/2024 0:15,263.0
3/18/2024 0:30,257.0
3/18/2024 0:45,252.0
3/18/2024 1:00,246.0
3/18/2024 1:15,241.0
3/18/2024 1:30,236.0
3/18/2024 1:45,231.0
3/18/2024 2:00,226.0
3/18/2024 2:15,223.0
3/18/2024 2:30,220.0
3/18/2024 2:45,217.0
3/18/2024 3:00,214.0
3/18/2024 3:15,212.0
3/18/2024 3:30,211.0
3/18/2024 3:45,209.0
3/18/2024 4:00,208.0
3/18/2024 4:15,207.0
3/18/2024 4:30,206.0
3/18/2024 4:45,205.0
3/18/2024 5:00,204.0
3/18/2024 5:15,203.0
3/18/2024 5:30,203.0
3/18/2024 5:45,203.0
3/18/2024 6:00,202.0
3/18/2024 6:15,204.0
3/18/2024 6:30,205.0
3/18/2024 6:45,206.0
3/18/2024 7:00,207.0
3/18/2024 7:15,209.0
3/18/2024 7:30,212.0
3/18/2024 7:45,214.0
3/18/2024 8:00,216.0
3/18/2024 8:15,217.0
3/18/2024 8:30,219.0
3/18/2024 8:45,220.0
3/18/2024 9:00,222.0
3/18/2024 9:15,221.0
3/18/2024 9:30,220.0
3/18/2024 9:45,220.0
3/18/2024 10:00,219.0
3/18/2024 10:15,217.0
3/18/2024 10:30,215.0
3/18/2024 10:45,213.0
3/18/2024 11:00,212.0
3/18/2024 11:15,209.0
3/18/2024 11:30,207.0
3/18/2024 11:45,204.0
3/18/2024 12:00,202.0
3/18/2024 12:15,199.0
3/18/2024 12:30,196.0
3/18/2024 12:45,193.0
3/18/2024 13:00,190.0
3/18/2024 13:15,187.0
3/18/2024 13:30,184.0
3/18/2024 13:45,181.0
3/18/2024 14:00,178.0
3/18/2024 14:15,175.0
3/18/2024 14:30,172.0
3/18/2024 14:45,170.0
3/18/2024 15:00,167.0
3/18/2024 15:15,164.0
3/18/2024 15:30,162.0
3/18/2024 15:45,160.0
3/18/2024 16:00,157.0
3/18/2024 16:15,156.0
3/18/2024 16:30,154.0
3/18/2024 16:45,152.0
3/18/2024 17:00,150.0
3/18/2024 17:15,150.0
3/18/2024 17:30,149.0
3/18/2024 17:45,148.0
3/18/2024 18:00,148.0
3/18/2024 18:15,148.0
3/18/2024 18:30,148.0
3/18/2024 18:45,148.0
3/18/2024 19:00,149.0
3/18/2024 19:15,149.0
3/18/2024 19:30,149.0
3/18/2024 19:45,149.0
3/18/2024 20:00,150.0
3/18/2024 20:15,150.0
3/18/2024 20:30,150.0
3/18/2024 20:45,150.0
3/18/2024 21:00,150.0
3/18/2024 21:15,149.0
3/18/2024 21:30,148.0
3/18/2024 21:45,148.0
3/18/2024 22:00,147.0
3/18/2024 22:15,147.0
3/18/2024 22:30,147.0
3/18/2024 22:45,147.0
3/18/2024 23:00,147.0
3/18/2024 23:15,147.0
3/18/2024 23:30,147.0
3/18/2024 23:45,147.0
3/19/2024 0:00,148.0
3/19/2024 0:15,148.0
3/19/2024 0:30,148.0
3/19/2024 0:45,148.0
3/19/2024 1:00,148.0
3/19/2024 1:15,147.0
3/19/2024 1:30,146.0
3/19/2024 1:45,145.0
3/19/2024 2:00,144.0
3/19/2024 2:15,143.0
3/19/2024 2:30,142.0
3/19/2024 2:45,141.0
3/19/2024 3:00,140.0
3/19/2024 3:15,139.0
3/19/2024 3:30,137.0
3/19/2024 3:45,136.0
3/19/2024 4:00,134.0
3/19/2024 4:15,133.0
3/19/2024 4:30,132.0
3/19/2024 4:45,130.0
3/19/2024 5:00,129.0
3/19/2024 5:15,128.0
3/19/2024 5:30,126.0
3/19/2024 5:45,124.0
3/19/2024 6:00,123.0
3/19/2024 6:15,120.0
3/19/2024 6:30,117.0
3/19/2024 6:45,114.0
3/19/2024 7:00,112.0
3/19/2024 7:15,109.0
3/19/2024 7:30,106.0
3/19/2024 7:45,104.0
3/19/2024 8:00,101.0
3/19/2024 8:15,99.0
3/19/2024 8:30,96.0
3/19/2024 8:45,93.0
3/19/2024 9:00,91.0
3/19/2024 9:15,90.0
3/19/2024 9:30,89.0
3/19/2024 9:45,88.0
3/19/2024 10:00,86.0
3/19/2024 10:15,88.0
3/19/2024 10:30,90.0
3/19/2024 10:45,92.0
3/19/2024 11:00,94.0
3/19/2024 11:15,99.0
3/19/2024 11:30,104.0
3/19/2024 11:45,109.0
3/19/2024 12:00,114.0
3/19/2024 12:15,122.0
3/19/2024 12:30,130.0
3/19/2024 12:45,137.0
3/19/2024 13:00,145.0
3/19/2024 13:15,154.0
3/19/2024 13:30,162.0
3/19/2024 13:45,171.0
3/19/2024 14:00,180.0
3/19/2024 14:15,191.0
3/19/2024 14:30,201.0
3/19/2024 14:45,212.0
3/19/2024 15:00,223.0
3/19/2024 15:15,234.0
3/19/2024 15:30,246.0
3/19/2024 15:45,258.0
3/19/2024 16:00,270.0
3/19/2024 16:15,282.0
3/19/2024 16:30,294.0
3/19/2024 16:45,307.0
3/19/2024 17:00,319.0
3/19/2024 17:15,332.0
3/19/2024 17:30,345.0
3/19/2024 17:45,357.0
3/19/2024 18:00,370.0
3/19/2024 18:15,382.0
3/19/2024 18:30,394.0
3/19/2024 18:45,406.0
3/19/2024 19:00,418.0
3/19/2024 19:15,431.0
3/19/2024 19:30,443.0
3/19/2024 19:45,455.0
3/19/2024 20:00,467.0
3/19/2024 20:15,479.0
3/19/2024 20:30,491.0
3/19/2024 20:45,503.0
3/19/2024 21:00,515.0
3/19/2024 21:15,527.0
3/19/2024 21:30,539.0
3/19/2024 21:45,551.0
3/19/2024 22:00,562.0
3/19/2024 22:15,573.0
3/19/2024 22:30,583.0
3/19/2024 22:45,593.0
3/19/2024 23:00,604.0
3/19/2024 23:15,611.0
3/19/2024 23:30,618.0
3/19/2024 23:45,625.0
3/20/2024 0:00,632.0
3/20/2024 0:15,636.0
3/20/2024 0:30,641.0
3/20/2024 0:45,646.0
3/20/2024 1:00,650.0
3/20/2024 1:15,654.0
3/20/2024 1:30,658.0
3/20/2024 1:45,662.0
3/20/2024 2:00,665.0
3/20/2024 2:15,671.0
3/20/2024 2:30,676.0
3/20/2024 2:45,681.0
3/20/2024 3:00,687.0
3/20/2024 3:15,692.0
3/20/2024 3:30,698.0
3/20/2024 3:45,703.0
3/20/2024 4:00,709.0
3/20/2024 4:15,714.0
3/20/2024 4:30,718.0
3/20/2024 4:45,723.0
3/20/2024 5:00,728.0
3/20/2024 5:15,731.0
3/20/2024 5:30,734.0
3/20/2024 5:45,737.0
3/20/2024 6:00,740.0
3/20/2024 6:15,743.0
3/20/2024 6:30,745.0
3/20/2024 6:45,748.0
3/20/2024 7:00,750.0
3/20/2024 7:15,752.0
3/20/2024 7:30,753.0
3/20/2024 7:45,754.0
3/20/2024 8:00,755.0
3/20/2024 8:15,756.0
3/20/2024 8:30,758.0
3/20/2024 8:45,759.0
3/20/2024 9:00,760.0
3/20/2024 9:15,761.0
3/20/2024 9:30,762.0
3/20/2024 9:45,763.0
3/20/2024 10:00,764.0
3/20/2024 10:15,763.0
3/20/2024 10:30,762.0
3/20/2024 10:45,761.0
3/20/2024 11:00,760.0
3/20/2024 11:15,758.0
3/20/2024 11:30,755.0
3/20/2024 11:45,753.0
3/20/2024 12:00,750.0
3/20/2024 12:15,746.0
3/20/2024 12:30,741.0
3/20/2024 12:45,737.0
3/20/2024 13:00,732.0
3/20/2024 13:15,727.0
3/20/2024 13:30,721.0
3/20/2024 13:45,715.0
3/20/2024 14:00,710.0
3/20/2024 14:15,702.0
3/20/2024 14:30,695.0
3/20/2024 14:45,688.0
3/20/2024 15:00,680.0
3/20/2024 15:15,673.0
3/20/2024 15:30,665.0
3/20/2024 15:45,657.0
3/20/2024 16:00,649.0
3/20/2024 16:15,640.0
3/20/2024 16:30,630.0
3/20/2024 16:45,621.0
3/20/2024 17:00,612.0
3/20/2024 17:15,601.0
3/20/2024 17:30,590.0
3/20/2024 17:45,579.0
3/20/2024 18:00,568.0
3/20/2024 18:15,555.0
3/20/2024 18:30,543.0
3/20/2024 18:45,531.0
3/20/2024 19:00,519.0
3/20/2024 19:15,506.0
3/20/2024 19:30,494.0
3/20/2024 19:45,481.0
3/20/2024 20:00,468.0
3/20/2024 20:15,456.0
3/20/2024 20:30,443.0
3/20/2024 20:45,430.0
3/20/2024 21:00,418.0
3/20/2024 21:15,406.0
3/20/2024 21:30,394.0
3/20/2024 21:45,383.0
3/20/2024 22:00,371.0
3/20/2024 22:15,361.0
3/20/2024 22:30,351.0
3/20/2024 22:45,340.0
3/20/2024 23:00,330.0
3/20/2024 23:15,324.0
3/20/2024 23:30,318.0
3/20/2024 23:45,312.0
3/21/2024 0:00,306.0
3/21/2024 0:15,301.0
3/21/2024 0:30,297.0
3/21/2024 0:45,293.0
3/21/2024 1:00,288.0
3/21/2024 1:15,286.0
3/21/2024 1:30,283.0
3/21/2024 1:45,280.0
3/21/2024 2:00,277.0
3/21/2024 2:15,272.0
3/21/2024 2:30,267.0
3/21/2024 2:45,262.0
3/21/2024 3:00,257.0
3/21/2024 3:15,252.0
3/21/2024 3:30,247.0
3/21/2024 3:45,242.0
3/21/2024 4:00,237.0
3/21/2024 4:15,234.0
3/21/2024 4:30,230.0
3/21/2024 4:45,227.0
3/21/2024 5:00,223.0
3/21/2024 5:15,221.0
3/21/2024 5:30,219.0
3/21/2024 5:45,218.0
3/21/2024 6:00,216.0
3/21/2024 6:15,215.0
3/21/2024 6:30,214.0
3/21/2024 6:45,213.0
3/21/2024 7:00,212.0
3/21/2024 7:15,212.0
3/21/2024 7:30,212.0
3/21/2024 7:45,212.0
3/21/2024 8:00,212.0
3/21/2024 8:15,211.0
3/21/2024 8:30,211.0
3/21/2024 8:45,210.0
3/21/2024 9:00,210.0
3/21/2024 9:15,208.0
3/21/2024 9:30,206.0
3/21/2024 9:45,204.0
3/21/2024 10:00,202.0
3/21/2024 10:15,201.0
3/21/2024 10:30,199.0
3/21/2024 10:45,197.0
3/21/2024 11:00,195.0
3/21/2024 11:15,193.0
3/21/2024 11:30,191.0
3/21/2024 11:45,188.0
3/21/2024 12:00,186.0
3/21/2024 12:15,185.0
3/21/2024 12:30,183.0
3/21/2024 12:45,182.0
3/21/2024 13:00,180.0
3/21/2024 13:15,180.0
3/21/2024 13:30,179.0
3/21/2024 13:45,179.0
3/21/2024 14:00,178.0
3/21/2024 14:15,178.0
3/21/2024 14:30,178.0
3/21/2024 14:45,178.0
3/21/2024 15:00,178.0
3/21/2024 15:15,177.0
3/21/2024 15:30,176.0
3/21/2024 15:45,174.0
3/21/2024 16:00,173.0
3/21/2024 16:15,173.0
3/21/2024 16:30,172.0
3/21/2024 16:45,172.0
3/21/2024 17:00,171.0
3/21/2024 17:15,171.0
3/21/2024 17:30,171.0
3/21/2024 17:45,170.0
3/21/2024 18:00,170.0
3/21/2024 18:15,171.0
3/21/2024 18:30,172.0
3/21/2024 18:45,173.0
3/21/2024 19:00,174.0
3/21/2024 19:15,175.0
3/21/2024 19:30,177.0
3/21/2024 19:45,178.0
3/21/2024 20:00,180.0
3/21/2024 20:15,182.0
3/21/2024 20:30,184.0
3/21/2024 20:45,187.0
3/21/2024 21:00,189.0
3/21/2024 21:15,191.0
3/21/2024 21:30,194.0
3/21/2024 21:45,196.0
3/21/2024 22:00,198.0
3/21/2024 22:15,201.0
3/21/2024 22:30,203.0
3/21/2024 22:45,205.0
3/21/2024 23:00,207.0
3/21/2024 23:15,209.0
3/21/2024 23:30,210.0
3/21/2024 23:45,212.0
3/22/2024 0:00,214.0
3/22/2024 0:15,215.0
3/22/2024 0:30,216.0
3/22/2024 0:45,217.0
3/22/2024 1:00,218.0
3/22/2024 1:15,220.0
3/22/2024 1:30,221.0
3/22/2024 1:45,222.0
3/22/2024 2:00,223.0
3/22/2024 2:15,224.0
3/22/2024 2:30,225.0
3/22/2024 2:45,226.0
3/22/2024 3:00,228.0
3/22/2024 3:15,229.0
3/22/2024 3:30,231.0
3/22/2024 3:45,232.0
3/22/2024 4:00,234.0
3/22/2024 4:15,234.0
3/22/2024 4:30,234.0
3/22/2024 4:45,235.0
3/22/2024 5:00,235.0
3/22/2024 5:15,234.0
3/22/2024 5:30,232.0
3/22/2024 5:45,231.0
3/22/2024 6:00,229.0
3/22/2024 6:15,228.0
3/22/2024 6:30,226.0
3/22/2024 6:45,225.0
3/22/2024 7:00,223.0
3/22/2024 7:15,221.0
3/22/2024 7:30,220.0
3/22/2024 7:45,218.0
3/22/2024 8:00,217.0
3/22/2024 8:15,216.0
3/22/2024 8:30,215.0
3/22/2024 8:45,214.0
3/22/2024 9:00,213.0
3/22/2024 9:15,214.0
3/22/2024 9:30,214.0
3/22/2024 9:45,214.0
3/22/2024 10:00,215.0
3/22/2024 10:15,216.0
3/22/2024 10:30,216.0
3/22/2024 10:45,217.0
3/22/2024 11:00,218.0
3/22/2024 11:15,218.0
3/22/2024 11:30,218.0
3/22/2024 11:45,219.0
3/22/2024 12:00,219.0
3/22/2024 12:15,219.0
3/22/2024 12:30,219.0
3/22/2024 12:45,219.0
3/22/2024 13:00,219.0
3/22/2024 13:15,219.0
3/22/2024 13:30,219.0
3/22/2024 13:45,219.0
3/22/2024 14:00,220.0
3/22/2024 14:15,219.0
3/22/2024 14:30,218.0
3/22/2024 14:45,217.0
3/22/2024 15:00,217.0
3/22/2024 15:15,216.0
3/22/2024 15:30,215.0
3/22/2024 15:45,214.0
3/22/2024 16:00,212.0
3/22/2024 16:15,210.0
3/22/2024 16:30,207.0
3/22/2024 16:45,204.0
3/22/2024 17:00,201.0
3/22/2024 17:15,200.0
3/22/2024 17:30,199.0
3/22/2024 17:45,198.0
3/22/2024 18:00,197.0
3/22/2024 18:15,195.0
3/22/2024 18:30,193.0
3/22/2024 18:45,192.0
3/22/2024 19:00,190.0
3/22/2024 19:15,189.0
3/22/2024 19:30,188.0
3/22/2024 19:45,187.0
3/22/2024 20:00,185.0
3/22/2024 20:15,185.0
3/22/2024 20:30,184.0
3/22/2024 20:45,184.0
3/22/2024 21:00,183.0
3/22/2024 21:15,183.0
3/22/2024 21:30,182.0
3/22/2024 21:45,182.0
3/22/2024 22:00,181.0
3/22/2024 22:15,180.0
3/22/2024 22:30,180.0
3/22/2024 22:45,179.0
3/22/2024 23:00,179.0
3/22/2024 23:15,178.0
3/22/2024 23:30,177.0
3/22/2024 23:45,177.0
3/23/2024 0:00,176.0
3/23/2024 0:15,176.0
3/23/2024 0:30,176.0
3/23/2024 0:45,175.0
3/23/2024 1:00,175.0
3/23/2024 1:15,175.0
3/23/2024 1:30,174.0
3/23/2024 1:45,174.0
3/23/2024 2:00,173.0
3/23/2024 2:15,173.0
3/23/2024 2:30,172.0
3/23/2024 2:45,171.0
3/23/2024 3:00,170.0
3/23/2024 3:15,168.0
3/23/2024 3:30,166.0
3/23/2024 3:45,164.0
3/23/2024 4:00,162.0
3/23/2024 4:15,160.0
3/23/2024 4:30,159.0
3/23/2024 4:45,157.0
3/23/2024 5:00,155.0
3/23/2024 5:15,155.0
3/23/2024 5:30,155.0
3/23/2024 5:45,155.0
3/23/2024 6:00,155.0
3/23/2024 6:15,155.0
3/23/2024 6:30,154.0
3/23/2024 6:45,154.0
3/23/2024 7:00,154.0
3/23/2024 7:15,154.0
3/23/2024 7:30,154.0
3/23/2024 7:45,155.0
3/23/2024 8:00,155.0
3/23/2024 8:15,155.0
3/23/2024 8:30,155.0
3/23/2024 8:45,155.0
3/23/2024 9:00,155.0
3/23/2024 9:15,155.0
3/23/2024 9:30,155.0
3/23/2024 9:45,154.0
3/23/2024 10:00,154.0
3/23/2024 10:15,155.0
3/23/2024 10:30,156.0
3/23/2024 10:45,157.0
3/23/2024 11:00,158.0
3/23/2024 11:15,158.0
3/23/2024 11:30,158.0
3/23/2024 11:45,159.0
3/23/2024 12:00,160.0
3/23/2024 12:15,160.0
3/23/2024 12:30,160.0
3/23/2024 12:45,161.0
3/23/2024 13:00,162.0
3/23/2024 13:15,161.0
3/23/2024 13:30,160.0
3/23/2024 13:45,160.0
3/23/2024 14:00,160.0
3/23/2024 14:15,160.0
3/23/2024 14:30,160.0
3/23/2024 14:45,160.0
3/23/2024 15:00,160.0
3/23/2024 15:15,160.0
3/23/2024 15:30,161.0
3/23/2024 15:45,161.0
3/23/2024 16:00,162.0
3/23/2024 16:15,163.0
3/23/2024 16:30,165.0
3/23/2024 16:45,167.0
3/23/2024 17:00,168.0
3/23/2024 17:15,169.0
3/23/2024 17:30,170.0
3/23/2024 17:45,170.0
3/23/2024 18:00,171.0
3/23/2024 18:15,171.0
3/23/2024 18:30,171.0
3/23/2024 18:45,170.0
3/23/2024 19:00,170.0
3/23/2024 19:15,170.0
3/23/2024 19:30,169.0
3/23/2024 19:45,169.0
3/23/2024 20:00,168.0
3/23/2024 20:15,166.0
3/23/2024 20:30,165.0
3/23/2024 20:45,163.0
3/23/2024 21:00,161.0
3/23/2024 21:15,159.0
3/23/2024 21:30,158.0
3/23/2024 21:45,156.0
3/23/2024 22:00,154.0
3/23/2024 22:15,153.0
3/23/2024 22:30,151.0
3/23/2024 22:45,150.0
3/23/2024 23:00,149.0
3/23/2024 23:15,148.0
3/23/2024 23:30,147.0
3/23/2024 23:45,145.0
3/24/2024 0:00,144.0
3/24/2024 0:15,143.0
3/24/2024 0:30,143.0
3/24/2024 0:45,142.0
3/24/2024 1:00,141.0
3/24/2024 1:15,140.0
3/24/2024 1:30,139.0
3/24/2024 1:45,138.0
3/24/2024 2:00,138.0
3/24/2024 2:15,137.0
3/24/2024 2:30,137.0
3/24/2024 2:45,137.0
3/24/2024 3:00,136.0
3/24/2024 3:15,136.0
3/24/2024 3:30,137.0
3/24/2024 3:45,137.0
3/24/2024 4:00,137.0
3/24/2024 4:15,137.0
3/24/2024 4:30,137.0
3/24/2024 4:45,138.0
3/24/2024 5:00,138.0
3/24/2024 5:15,139.0
3/24/2024 5:30,139.0
3/24/2024 5:45,140.0
3/24/2024 6:00,140.0
3/24/2024 6:15,141.0
3/24/2024 6:30,142.0
3/24/2024 6:45,143.0
3/24/2024 7:00,144.0
3/24/2024 7:15,144.0
3/24/2024 7:30,144.0
3/24/2024 7:45,144.0
3/24/2024 8:00,144.0
3/24/2024 8:15,146.0
3/24/2024 8:30,147.0
3/24/2024 8:45,148.0
3/24/2024 9:00,150.0
3/24/2024 9:15,151.0
3/24/2024 9:30,153.0
3/24/2024 9:45,155.0
3/24/2024 10:00,157.0
3/24/2024 10:15,158.0
3/24/2024 10:30,160.0
3/24/2024 10:45,162.0
3/24/2024 11:00,163.0
3/24/2024 11:15,166.0
3/24/2024 11:30,169.0
3/24/2024 11:45,172.0
3/24/2024 12:00,175.0
3/24/2024 12:15,179.0
3/24/2024 12:30,183.0
3/24/2024 12:45,186.0
3/24/2024 13:00,190.0
3/24/2024 13:15,194.0
3/24/2024 13:30,199.0
3/24/2024 13:45,203.0
3/24/2024 14:00,208.0
3/24/2024 14:15,212.0
3/24/2024 14:30,215.0
3/24/2024 14:45,219.0
3/24/2024 15:00,223.0
3/24/2024 15:15,228.0
3/24/2024 15:30,232.0
3/24/2024 15:45,237.0
3/24/2024 16:00,242.0
3/24/2024 16:15,247.0
3/24/2024 16:30,253.0
3/24/2024 16:45,259.0
3/24/2024 17:00,264.0
3/24/2024 17:15,271.0
3/24/2024 17:30,278.0
3/24/2024 17:45,284.0
3/24/2024 18:00,291.0
3/24/2024 18:15,298.0
3/24/2024 18:30,305.0
3/24/2024 18:45,312.0
3/24/2024 19:00,320.0
3/24/2024 19:15,327.0
3/24/2024 19:30,335.0
3/24/2024 19:45,343.0
3/24/2024 20:00,351.0
3/24/2024 20:15,359.0
3/24/2024 20:30,367.0
3/24/2024 20:45,374.0
3/24/2024 21:00,382.0
3/24/2024 21:15,390.0
3/24/2024 21:30,397.0
3/24/2024 21:45,404.0
3/24/2024 22:00,411.0
3/24/2024 22:15,418.0
3/24/2024 22:30,425.0
3/24/2024 22:45,432.0
3/24/2024 23:00,438.0
3/24/2024 23:15,445.0
3/24/2024 23:30,452.0
3/24/2024 23:45,459.0
3/25/2024 0:00,466.0
3/25/2024 0:15,473.0
3/25/2024 0:30,480.0
3/25/2024 0:45,487.0
3/25/2024 1:00,494.0
3/25/2024 1:15,501.0
3/25/2024 1:30,508.0
3/25/2024 1:45,516.0
3/25/2024 2:00,523.0
3/25/2024 2:15,530.0
3/25/2024 2:30,537.0
3/25/2024 2:45,544.0
3/25/2024 3:00,551.0
3/25/2024 3:15,558.0
3/25/2024 3:30,566.0
3/25/2024 3:45,573.0
3/25/2024 4:00,580.0
3/25/2024 4:15,587.0
3/25/2024 4:30,595.0
3/25/2024 4:45,602.0
3/25/2024 5:00,610.0
3/25/2024 5:15,618.0
3/25/2024 5:30,626.0
3/25/2024 5:45,634.0
3/25/2024 6:00,642.0
3/25/2024 6:15,650.0
3/25/2024 6:30,659.0
3/25/2024 6:45,667.0
3/25/2024 7:00,675.0
3/25/2024 7:15,684.0
3/25/2024 7:30,692.0
3/25/2024 7:45,700.0
3/25/2024 8:00,709.0
3/25/2024 8:15,717.0
3/25/2024 8:30,725.0
3/25/2024 8:45,733.0
3/25/2024 9:00,742.0
3/25/2024 9:15,751.0
3/25/2024 9:30,760.0
3/25/2024 9:45,769.0
3/25/2024 10:00,778.0
3/25/2024 10:15,786.0
3/25/2024 10:30,794.0
3/25/2024 10:45,803.0
3/25/2024 11:00,811.0
3/25/2024 11:15,820.0
3/25/2024 11:30,829.0
3/25/2024 11:45,838.0
3/25/2024 12:00,847.0
3/25/2024 12:15,857.0
3/25/2024 12:30,867.0
3/25/2024 12:45,877.0
3/25/2024 13:00,886.0
3/25/2024 13:15,896.0
3/25/2024 13:30,905.0
3/25/2024 13:45,914.0
3/25/2024 14:00,924.0
3/25/2024 14:15,931.0
3/25/2024 14:30,939.0
3/25/2024 14:45,946.0
3/25/2024 15:00,953.0
3/25/2024 15:15,961.0
3/25/2024 15:30,969.0
3/25/2024 15:45,976.0
3/25/2024 16:00,984.0
3/25/2024 16:15,991.0
3/25/2024 16:30,999.0
3/25/2024 16:45,1007.0
3/25/2024 17:00,1014.0
3/25/2024 17:15,1022.0
3/25/2024 17:30,1030.0
3/25/2024 17:45,1039.0
3/25/2024 18:00,1047.0
3/25/2024 18:15,1056.0
3/25/2024 18:30,1065.0
3/25/2024 18:45,1074.0
3/25/2024 19:00,1082.0
3/25/2024 19:15,1090.0
3/25/2024 19:30,1098.0
3/25/2024 19:45,1106.0
3/25/2024 20:00,1113.0
3/25/2024 20:15,1120.0
3/25/2024 20:30,1127.0
3/25/2024 20:45,1134.0
3/25/2024 21:00,1141.0
3/25/2024 21:15,1149.0
3/25/2024 21:30,1156.0
3/25/2024 21:45,1164.0
3/25/2024 22:00,1172.0
3/25/2024 22:15,1179.0
3/25/2024 22:30,1185.0
3/25/2024 22:45,1192.0
3/25/2024 23:00,1199.0
3/25/2024 23:15,1206.0
3/25/2024 23:30,1214.0
3/25/2024 23:45,1221.0
3/26/2024 0:00,1228.0
3/26/2024 0:15,1236.0
3/26/2024 0:30,1244.0
3/26/2024 0:45,1252.0
3/26/2024 1:00,1260.0
3/26/2024 1:15,1265.0
3/26/2024 1:30,1270.0
3/26/2024 1:45,1276.0
3/26/2024 2:00,1281.0
3/26/2024 2:15,1285.0
3/26/2024 2:30,1288.0
3/26/2024 2:45,1292.0
3/26/2024 3:00,1296.0
3/26/2024 3:15,1299.0
3/26/2024 3:30,1303.0
3/26/2024 3:45,1306.0
3/26/2024 4:00,1309.0
3/26/2024 4:15,1312.0
3/26/2024 4:30,1315.0
3/26/2024 4:45,1317.0
3/26/2024 5:00,1320.0
3/26/2024 5:15,1322.0
3/26/2024 5:30,1325.0
3/26/2024 5:45,1327.0
3/26/2024 6:00,1329.0
3/26/2024 6:15,1332.0
3/26/2024 6:30,1334.0
3/26/2024 6:45,1337.0
3/26/2024 7:00,1339.0
3/26/2024 7:15,1341.0
3/26/2024 7:30,1343.0
3/26/2024 7:45,1346.0
3/26/2024 8:00,1348.0
3/26/2024 8:15,1350.0
3/26/2024 8:30,1352.0
3/26/2024 8:45,1354.0
3/26/2024 9:00,1356.0
3/26/2024 9:15,1357.0
3/26/2024 9:30,1357.0
3/26/2024 9:45,1357.0
3/26/2024 10:00,1358.0
3/26/2024 10:15,1359.0
3/26/2024 10:30,1359.0
3/26/2024 10:45,1360.0
3/26/2024 11:00,1361.0
3/26/2024 11:15,1360.0
3/26/2024 11:30,1360.0
3/26/2024 11:45,1360.0
3/26/2024 12:00,1359.0
3/26/2024 12:15,1354.0
3/26/2024 12:30,1349.0
3/26/2024 12:45,1344.0
3/26/2024 13:00,1338.0
3/26/2024 13:15,1330.0
3/26/2024 13:30,1322.0
3/26/2024 13:45,1314.0
3/26/2024 14:00,1306.0
3/26/2024 14:15,1300.0
3/26/2024 14:30,1294.0
3/26/2024 14:45,1288.0
3/26/2024 15:00,1282.0
3/26/2024 15:15,1274.0
3/26/2024 15:30,1265.0
3/26/2024 15:45,1257.0
3/26/2024 16:00,1249.0
3/26/2024 16:15,1240.0
3/26/2024 16:30,1230.0
3/26/2024 16:45,1221.0
3/26/2024 17:00,1212.0
3/26/2024 17:15,1201.0
3/26/2024 17:30,1190.0
3/26/2024 17:45,1179.0
3/26/2024 18:00,1168.0
3/26/2024 18:15,1157.0
3/26/2024 18:30,1145.0
3/26/2024 18:45,1134.0
3/26/2024 19:00,1122.0
3/26/2024 19:15,1110.0
3/26/2024 19:30,1098.0
3/26/2024 19:45,1085.0
3/26/2024 20:00,1073.0
3/26/2024 20:15,1061.0
3/26/2024 20:30,1049.0
3/26/2024 20:45,1037.0
3/26/2024 21:00,1025.0
3/26/2024 21:15,1013.0
3/26/2024 21:30,1000.0
3/26/2024 21:45,987.0
3/26/2024 22:00,974.0
3/26/2024 22:15,962.0
3/26/2024 22:30,950.0
3/26/2024 22:45,938.0
3/26/2024 23:00,925.0
3/26/2024 23:15,912.0
3/26/2024 23:30,898.0
3/26/2024 23:45,884.0
3/27/2024 0:00,870.0
3/27/2024 0:15,856.0
3/27/2024 0:30,841.0
3/27/2024 0:45,827.0
3/27/2024 1:00,812.0
3/27/2024 1:15,800.0
3/27/2024 1:30,787.0
3/27/2024 1:45,774.0
3/27/2024 2:00,761.0
3/27/2024 2:15,750.0
3/27/2024 2:30,739.0
3/27/2024 2:45,727.0
3/27/2024 3:00,716.0
3/27/2024 3:15,705.0
3/27/2024 3:30,693.0
3/27/2024 3:45,682.0
3/27/2024 4:00,671.0
3/27/2024 4:15,660.0
3/27/2024 4:30,649.0
3/27/2024 4:45,638.0
3/27/2024 5:00,627.0
3/27/2024 5:15,615.0
3/27/2024 5:30,604.0
3/27/2024 5:45,593.0
3/27/2024 6:00,581.0
3/27/2024 6:15,570.0
3/27/2024 6:30,560.0
3/27/2024 6:45,549.0
3/27/2024 7:00,538.0
3/27/2024 7:15,527.0
3/27/2024 7:30,516.0
3/27/2024 7:45,505.0
3/27/2024 8:00,494.0
3/27/2024 8:15,484.0
3/27/2024 8:30,473.0
3/27/2024 8:45,462.0
3/27/2024 9:00,452.0
3/27/2024 9:15,440.0
3/27/2024 9:30,429.0
3/27/2024 9:45,418.0
3/27/2024 10:00,407.0
3/27/2024 10:15,394.0
3/27/2024 10:30,381.0
3/27/2024 10:45,368.0
3/27/2024 11:00,355.0
3/27/2024 11:15,342.0
3/27/2024 11:30,329.0
3/27/2024 11:45,316.0
3/27/2024 12:00,303.0
3/27/2024 12:15,295.0
3/27/2024 12:30,286.0
3/27/2024 12:45,277.0
3/27/2024 13:00,268.0
3/27/2024 13:15,263.0
3/27/2024 13:30,258.0
3/27/2024 13:45,253.0
3/27/2024 14:00,248.0
3/27/2024 14:15,243.0
3/27/2024 14:30,238.0
3/27/2024 14:45,234.0
3/27/2024 15:00,229.0
3/27/2024 15:15,227.0
3/27/2024 15:30,225.0
3/27/2024 15:45,223.0
3/27/2024 16:00,221.0
3/27/2024 16:15,220.0
3/27/2024 16:30,219.0
3/27/2024 16:45,217.0
3/27/2024 17:00,216.0
3/27/2024 17:15,215.0
3/27/2024 17:30,214.0
3/27/2024 17:45,214.0
3/27/2024 18:00,213.0
3/27/2024 18:15,212.0
3/27/2024 18:30,211.0
3/27/2024 18:45,210.0
3/27/2024 19:00,210.0
3/27/2024 19:15,210.0
3/27/2024 19:30,211.0
3/27/2024 19:45,211.0
3/27/2024 20:00,212.0
3/27/2024 20:15,213.0
3/27/2024 20:30,214.0
3/27/2024 20:45,215.0
3/27/2024 21:00,216.0
3/27/2024 21:15,218.0
3/27/2024 21:30,219.0
3/27/2024 21:45,220.0
3/27/2024 22:00,221.0
3/27/2024 22:15,222.0
3/27/2024 22:30,223.0
3/27/2024 22:45,224.0
3/27/2024 23:00,226.0
3/27/2024 23:15,226.0
3/27/2024 23:30,227.0
3/27/2024 23:45,227.0
3/28/2024 0:00,228.0
3/28/2024 0:15,228.0
3/28/2024 0:30,228.0
3/28/2024 0:45,228.0
3/28/2024 1:00,228.0
3/28/2024 1:15,229.0
3/28/2024 1:30,229.0
3/28/2024 1:45,229.0
3/28/2024 2:00,229.0
3/28/2024 2:15,230.0
3/28/2024 2:30,230.0
3/28/2024 2:45,230.0
3/28/2024 3:00,231.0
3/28/2024 3:15,231.0
3/28/2024 3:30,231.0
3/28/2024 3:45,231.0
3/28/2024 4:00,231.0
3/28/2024 4:15,231.0
3/28/2024 4:30,231.0
3/28/2024 4:45,231.0
3/28/2024 5:00,231.0
3/28/2024 5:15,231.0
3/28/2024 5:30,231.0
3/28/2024 5:45,231.0
3/28/2024 6:00,232.0
3/28/2024 6:15,232.0
3/28/2024 6:30,233.0
3/28/2024 6:45,233.0
3/28/2024 7:00,234.0
3/28/2024 7:15,233.0
3/28/2024 7:30,232.0
3/28/2024 7:45,231.0
3/28/2024 8:00,230.0
3/28/2024 8:15,230.0
3/28/2024 8:30,229.0
3/28/2024 8:45,228.0
3/28/2024 9:00,228.0
3/28/2024 9:15,229.0
3/28/2024 9:30,230.0
3/28/2024 9:45,232.0
3/28/2024 10:00,233.0
3/28/2024 10:15,236.0
3/28/2024 10:30,239.0
3/28/2024 10:45,243.0
3/28/2024 11:00,246.0
3/28/2024 11:15,250.0
3/28/2024 11:30,254.0
3/28/2024 11:45,259.0
3/28/2024 12:00,263.0
3/28/2024 12:15,268.0
3/28/2024 12:30,272.0
3/28/2024 12:45,277.0
3/28/2024 13:00,282.0
3/28/2024 13:15,286.0
3/28/2024 13:30,291.0
3/28/2024 13:45,296.0
3/28/2024 14:00,300.0
3/28/2024 14:15,305.0
3/28/2024 14:30,310.0
3/28/2024 14:45,314.0
3/28/2024 15:00,319.0
3/28/2024 15:15,324.0
3/28/2024 15:30,328.0
3/28/2024 15:45,332.0
3/28/2024 16:00,337.0
3/28/2024 16:15,341.0
3/28/2024 16:30,346.0
3/28/2024 16:45,350.0
3/28/2024 17:00,355.0
3/28/2024 17:15,360.0
3/28/2024 17:30,365.0
3/28/2024 17:45,370.0
3/28/2024 18:00,375.0
3/28/2024 18:15,380.0
3/28/2024 18:30,384.0
3/28/2024 18:45,389.0
3/28/2024 19:00,394.0
3/28/2024 19:15,398.0
3/28/2024 19:30,403.0
3/28/2024 19:45,407.0
3/28/2024 20:00,411.0
3/28/2024 20:15,415.0
3/28/2024 20:30,419.0
3/28/2024 20:45,423.0
3/28/2024 21:00,427.0
3/28/2024 21:15,430.0
3/28/2024 21:30,434.0
3/28/2024 21:45,437.0
3/28/2024 22:00,440.0
3/28/2024 22:15,444.0
3/28/2024 22:30,447.0
3/28/2024 22:45,451.0
3/28/2024 23:00,454.0
3/28/2024 23:15,458.0
3/28/2024 23:30,461.0
3/28/2024 23:45,465.0
3/29/2024 0:00,468.0
3/29/2024 0:15,472.0
3/29/2024 0:30,476.0
3/29/2024 0:45,480.0
3/29/2024 1:00,484.0
3/29/2024 1:15,487.0
3/29/2024 1:30,489.0
3/29/2024 1:45,492.0
3/29/2024 2:00,494.0
3/29/2024 2:15,496.0
3/29/2024 2:30,498.0
3/29/2024 2:45,499.0
3/29/2024 3:00,501.0
3/29/2024 3:15,503.0
3/29/2024 3:30,504.0
3/29/2024 3:45,506.0
3/29/2024 4:00,508.0
3/29/2024 4:15,510.0
3/29/2024 4:30,513.0
3/29/2024 4:45,515.0
3/29/2024 5:00,518.0
3/29/2024 5:15,519.0
3/29/2024 5:30,521.0
3/29/2024 5:45,522.0
3/29/2024 6:00,524.0
3/29/2024 6:15,525.0
3/29/2024 6:30,526.0
3/29/2024 6:45,526.0
3/29/2024 7:00,527.0
3/29/2024 7:15,529.0
3/29/2024 7:30,531.0
3/29/2024 7:45,533.0
3/29/2024 8:00,535.0
3/29/2024 8:15,538.0
3/29/2024 8:30,541.0
3/29/2024 8:45,545.0
3/29/2024 9:00,548.0
3/29/2024 9:15,552.0
3/29/2024 9:30,555.0
3/29/2024 9:45,559.0
3/29/2024 10:00,563.0
3/29/2024 10:15,566.0
3/29/2024 10:30,570.0
3/29/2024 10:45,574.0
3/29/2024 11:00,577.0
3/29/2024 11:15,580.0
3/29/2024 11:30,582.0
3/29/2024 11:45,585.0
3/29/2024 12:00,588.0
3/29/2024 12:15,590.0
3/29/2024 12:30,591.0
3/29/2024 12:45,593.0
3/29/2024 13:00,595.0
3/29/2024 13:15,597.0
3/29/2024 13:30,598.0
3/29/2024 13:45,599.0
3/29/2024 14:00,601.0
3/29/2024 14:15,602.0
3/29/2024 14:30,603.0
3/29/2024 14:45,604.0
3/29/2024 15:00,604.0
3/29/2024 15:15,606.0
3/29/2024 15:30,607.0
3/29/2024 15:45,609.0
3/29/2024 16:00,610.0
3/29/2024 16:15,610.0
3/29/2024 16:30,610.0
3/29/2024 16:45,610.0
3/29/2024 17:00,610.0
3/29/2024 17:15,608.0
3/29/2024 17:30,607.0
3/29/2024 17:45,605.0
3/29/2024 18:00,603.0
3/29/2024 18:15,600.0
3/29/2024 18:30,597.0
3/29/2024 18:45,594.0
3/29/2024 19:00,590.0
3/29/2024 19:15,588.0
3/29/2024 19:30,585.0
3/29/2024 19:45,583.0
3/29/2024 20:00,580.0
3/29/2024 20:15,578.0
3/29/2024 20:30,577.0
3/29/2024 20:45,576.0
3/29/2024 21:00,574.0
3/29/2024 21:15,573.0
3/29/2024 21:30,573.0
3/29/2024 21:45,572.0
3/29/2024 22:00,572.0
3/29/2024 22:15,571.0
3/29/2024 22:30,571.0
3/29/2024 22:45,571.0
3/29/2024 23:00,571.0
3/29/2024 23:15,572.0
3/29/2024 23:30,573.0
3/29/2024 23:45,574.0
3/30/2024 0:00,574.0
3/30/2024 0:15,576.0
3/30/2024 0:30,578.0
3/30/2024 0:45,580.0
3/30/2024 1:00,582.0
3/30/2024 1:15,586.0
3/30/2024 1:30,590.0
3/30/2024 1:45,595.0
3/30/2024 2:00,599.0
3/30/2024 2:15,608.0
3/30/2024 2:30,616.0
3/30/2024 2:45,625.0
3/30/2024 3:00,634.0
3/30/2024 3:15,644.0
3/30/2024 3:30,654.0
3/30/2024 3:45,664.0
3/30/2024 4:00,674.0
3/30/2024 4:15,683.0
3/30/2024 4:30,692.0
3/30/2024 4:45,701.0
3/30/2024 5:00,711.0
3/30/2024 5:15,721.0
3/30/2024 5:30,731.0
3/30/2024 5:45,742.0
3/30/2024 6:00,752.0
3/30/2024 6:15,761.0
3/30/2024 6:30,770.0
3/30/2024 6:45,779.0
3/30/2024 7:00,788.0
3/30/2024 7:15,795.0
3/30/2024 7:30,802.0
3/30/2024 7:45,810.0
3/30/2024 8:00,817.0
3/30/2024 8:15,823.0
3/30/2024 8:30,828.0
3/30/2024 8:45,833.0
3/30/2024 9:00,839.0
3/30/2024 9:15,845.0
3/30/2024 9:30,851.0
3/30/2024 9:45,857.0
3/30/2024 10:00,864.0
3/30/2024 10:15,870.0
3/30/2024 10:30,876.0
3/30/2024 10:45,882.0
3/30/2024 11:00,888.0
3/30/2024 11:15,896.0
3/30/2024 11:30,904.0
3/30/2024 11:45,912.0
3/30/2024 12:00,920.0
3/30/2024 12:15,928.0
3/30/2024 12:30,935.0
3/30/2024 12:45,943.0
3/30/2024 13:00,951.0
3/30/2024 13:15,957.0
3/30/2024 13:30,963.0
3/30/2024 13:45,969.0
3/30/2024 14:00,974.0
3/30/2024 14:15,979.0
3/30/2024 14:30,984.0
3/30/2024 14:45,988.0
3/30/2024 15:00,993.0
3/30/2024 15:15,996.0
3/30/2024 15:30,999.0
3/30/2024 15:45,1002.0
3/30/2024 16:00,1006.0
3/30/2024 16:15,1009.0
3/30/2024 16:30,1012.0
3/30/2024 16:45,1015.0
3/30/2024 17:00,1018.0
3/30/2024 17:15,1021.0
3/30/2024 17:30,1023.0
3/30/2024 17:45,1025.0
3/30/2024 18:00,1027.0
3/30/2024 18:15,1029.0
3/30/2024 18:30,1030.0
3/30/2024 18:45,1032.0
3/30/2024 19:00,1034.0
3/30/2024 19:15,1035.0
3/30/2024 19:30,1036.0
3/30/2024 19:45,1038.0
3/30/2024 20:00,1039.0
3/30/2024 20:15,1039.0
3/30/2024 20:30,1039.0
3/30/2024 20:45,1039.0
3/30/2024 21:00,1038.0
3/30/2024 21:15,1038.0
3/30/2024 21:30,1037.0
3/30/2024 21:45,1036.0
3/30/2024 22:00,1035.0
3/30/2024 22:15,1034.0
3/30/2024 22:30,1034.0
3/30/2024 22:45,1033.0
3/30/2024 23:00,1033.0
3/30/2024 23:15,1032.0
3/30/2024 23:30,1031.0
3/30/2024 23:45,1030.0
3/31/2024 0:00,0.0
3/31/2024 0:15,0.0
3/31/2024 0:30,0.0
3/31/2024 0:45,0.0
3/31/2024 1:00,0.0
3/31/2024 1:15,0.0
3/31/2024 1:30,0.0
3/31/2024 1:45,0.0
3/31/2024 2:00,0.0
3/31/2024 2:15,0.0
3/31/2024 2:30,0.0
3/31/2024 2:45,0.0
3/31/2024 3:00,0.0
3/31/2024 3:15,0.0
3/31/2024 3:30,0.0
3/31/2024 3:45,0.0
3/31/2024 4:00,0.0
3/31/2024 4:15,0.0
3/31/2024 4:30,0.0
3/31/2024 4:45,0.0
3/31/2024 5:00,0.0
3/31/2024 5:15,0.0
3/31/2024 5:30,0.0
3/31/2024 5:45,0.0
3/31/2024 6:00,0.0
3/31/2024 6:15,0.0
3/31/2024 6:30,0.0
3/31/2024 6:45,0.0
3/31/2024 7:00,0.0
3/31/2024 7:15,0.0
3/31/2024 7:30,0.0
3/31/2024 7:45,0.0
3/31/2024 8:00,0.0
3/31/2024 8:15,0.0
3/31/2024 8:30,0.0
3/31/2024 8:45,0.0
3/31/2024 9:00,0.0
3/31/2024 9:15,0.0
3/31/2024 9:30,0.0
3/31/2024 9:45,0.0
3/31/2024 10:00,0.0
3/31/2024 10:15,0.0
3/31/2024 10:30,0.0
3/31/2024 10:45,0.0
3/31/2024 11:00,0.0
3/31/2024 11:15,0.0
3/31/2024 11:30,0.0
3/31/2024 11:45,0.0
3/31/2024 12:00,0.0
3/31/2024 12:15,0.0
3/31/2024 12:30,0.0
3/31/2024 12:45,0.0
3/31/2024 13:00,0.0
3/31/2024 13:15,0.0
3/31/2024 13:30,0.0
3/31/2024 13:45,0.0
3/31/2024 14:00,0.0
3/31/2024 14:15,0.0
3/31/2024 14:30,0.0
3/31/2024 14:45,0.0
3/31/2024 15:00,0.0
3/31/2024 15:15,0.0
3/31/2024 15:30,0.0
3/31/2024 15:45,0.0
3/31/2024 16:00,0.0
3/31/2024 16:15,0.0
3/31/2024 16:30,0.0
3/31/2024 16:45,0.0
3/31/2024 17:00,0.0
3/31/2024 17:15,0.0
3/31/2024 17:30,0.0
3/31/2024 17:45,0.0
3/31/2024 18:00,0.0
3/31/2024 18:15,0.0
3/31/2024 18:30,0.0
3/31/2024 18:45,0.0
3/31/2024 19:00,0.0
3/31/2024 19:15,0.0
3/31/2024 19:30,0.0
3/31/2024 19:45,0.0
3/31/2024 20:00,0.0
3/31/2024 20:15,0.0
3/31/2024 20:30,0.0
3/31/2024 20:45,0.0
3/31/2024 21:00,0.0
3/31/2024 21:15,0.0
3/31/2024 21:30,0.0
3/31/2024 21:45,0.0
3/31/2024 22:00,0.0
3/31/2024 22:15,0.0
3/31/2024 22:30,0.0
3/31/2024 22:45,0.0
3/31/2024 23:00,0.0
3/31/2024 23:15,0.0
3/31/2024 23:30,0.0
3/31/2024 23:45,0.0
